square_footage,bedrooms,bathrooms,neighborhood_rating,school_rating,property_age,lot_size,price
1.2185261116572548,0.3941117829779399,-0.3952793462381479,0.21125363706585898,0.19784057243455727,-0.17420916701361247,0.11877086427726072,1026138
1.5316888960039974,1.625711104784002,1.2517179297541352,-1.549193338482967,-1.5150648166092298,-0.5251130703561808,1.487165931946656,990152
-0.9576260894789698,-1.4532871997311532,-1.2187779842342894,-1.549193338482967,-0.829902660991715,1.1416804705210188,-0.3015938781226646,387917
-0.5494799981681999,-1.4532871997311532,-1.2187779842342894,-1.1971039433732018,-1.1724837388004723,-1.1391949012056755,-0.5458933205098373,511592
-0.7037103183870161,-1.4532871997311532,-1.2187779842342894,0.21125363706585898,-0.1447405053742001,0.264420712164598,-1.6289777514115793,566808
-0.7366253257507879,-1.4532871997311532,-1.2187779842342894,0.21125363706585898,0.19784057243455727,0.22055772424677694,0.6441384060823818,658057
1.1414109515478466,1.0099114438809709,1.2517179297541352,-1.1971039433732018,-1.1724837388004723,0.4837356517537032,0.5021901772568393,903239
-0.22597249722141458,-0.8374875388281221,-0.3952793462381479,-1.549193338482967,-1.5150648166092298,-0.9637429495343913,-0.47854304008327236,574820
0.27339518592609413,0.3941117829779399,-0.3952793462381479,1.6196112175049198,1.568164883669587,1.5803103496992295,1.3340810425781382,987275
-1.3281550295168576,-1.4532871997311532,-1.2187779842342894,-0.1408357580439062,0.19784057243455727,-0.8760169736987492,-2.0527011692133543,467668
-0.6021440099502346,-0.2216878779250911,0.4282192917579936,-0.1408357580439062,-0.829902660991715,1.0100915067675558,0.08306284158391129,621703
-1.4560533438446563,-1.4532871997311532,-1.2187779842342894,-1.1971039433732018,-1.5150648166092298,-0.17420916701361247,-0.823779516915507,326346
-0.3726793871856544,0.3941117829779399,0.4282192917579936,0.21125363706585898,0.5404216502433147,-0.612839046191823,-1.1481568517783594,775754
0.24142060734414442,0.3941117829779399,-0.3952793462381479,1.2675218223951545,1.568164883669587,0.6153246155071663,-0.6779422955194018,934438
1.4724418827492083,1.625711104784002,2.0752165677502767,-1.1971039433732018,-1.1724837388004723,-0.5251130703561808,1.2989033370535017,1039329
1.2157048253117886,1.0099114438809709,0.4282192917579936,1.6196112175049198,1.568164883669587,-0.9198799616165703,0.8930339305984015,1260497
0.9787167722926319,1.625711104784002,2.0752165677502767,-1.1971039433732018,-1.1724837388004723,-0.7005650220274651,-0.14461999618358398,923542
-1.6441391002090664,-0.8374875388281221,-1.2187779842342894,-0.8450145482634366,-0.4873215831829575,1.2732694342744821,-1.4467254177638404,320416
-0.18177234447577822,-0.8374875388281221,-0.3952793462381479,0.5633430321756242,-0.1447405053742001,0.9662285188497347,0.765404265328113,748730
1.412254440712597,1.625711104784002,2.0752165677502767,0.21125363706585898,-0.4873215831829575,-0.21807215493143353,0.9844252560066274,1126448
-1.0432051086247762,-0.2216878779250911,-0.3952793462381479,0.9154324272853894,1.568164883669587,-1.7094137441373491,-0.2828560048281347,808898
0.48217037549058933,1.0099114438809709,0.4282192917579936,0.9154324272853894,0.19784057243455727,-0.8321539857809281,1.279988691369401,1028429
-0.34164523738552677,0.3941117829779399,-0.3952793462381479,0.21125363706585898,0.5404216502433147,-1.0953319132878545,-0.9673186972471889,776787
1.5109994628039123,1.0099114438809709,0.4282192917579936,1.6196112175049198,1.568164883669587,-1.0076059374522124,1.1965521234918715,1336043
0.9166484726923766,1.625711104784002,2.0752165677502767,-0.8450145482634366,-0.829902660991715,1.229406446356661,0.06131983766667378,880914
0.5216683843271154,0.3941117829779399,0.4282192917579936,-0.8450145482634366,-1.5150648166092298,0.5714616275893453,1.5667135072536225,789720
-0.6237738719321418,-0.8374875388281221,-1.2187779842342894,-1.549193338482967,-1.5150648166092298,-0.4812500824383598,1.2108706870471255,508255
-0.8682853552058749,-0.2216878779250911,0.4282192917579936,0.5633430321756242,-0.1447405053742001,0.1766947363289559,-1.3730113313127181,618101
0.41916164710851195,1.0099114438809709,0.4282192917579936,-0.1408357580439062,-0.1447405053742001,-0.9637429495343913,-0.43912279720893116,893765
-0.6529271641686254,-0.8374875388281221,-1.2187779842342894,-0.4929251531536714,0.19784057243455727,-0.3057981307670756,-1.8122907193967444,553115
-1.334738030989612,-1.4532871997311532,-1.2187779842342894,1.6196112175049198,1.568164883669587,-1.2269208770413176,0.07351713254707531,743183
1.4169565846217074,0.3941117829779399,0.4282192917579936,-0.4929251531536714,-0.829902660991715,0.0889687604933138,-0.7742832478356168,955869
-1.7466458374276699,-1.4532871997311532,-1.2187779842342894,-0.4929251531536714,-0.1447405053742001,0.9223655309319136,0.7311104217513319,360552
0.3965913563447827,0.3941117829779399,0.4282192917579936,0.21125363706585898,-0.4873215831829575,-0.8321539857809281,0.6119658311804531,906141
-1.0638945418248613,-0.2216878779250911,0.4282192917579936,0.9154324272853894,1.568164883669587,0.4837356517537032,-0.9745663652196014,721204
0.9646103405653011,1.0099114438809709,1.2517179297541352,0.9154324272853894,1.2255838058608295,0.4837356517537032,0.3301906422042206,1077124
1.6492424937317538,1.0099114438809709,1.2517179297541352,-0.1408357580439062,-0.1447405053742001,-0.21807215493143353,1.713434590597583,1167243
-1.3206315992622812,-1.4532871997311532,-1.2187779842342894,0.21125363706585898,0.883002728052072,1.4048583980279452,-1.555263664960457,481243
-0.7488508999144745,-0.2216878779250911,-0.3952793462381479,-0.4929251531536714,-0.1447405053742001,-0.9637429495343913,0.05760761748568201,664613
0.6392219820548717,1.0099114438809709,0.4282192917579936,1.2675218223951545,1.568164883669587,-0.13034617909579144,-0.08911346585827847,1078655
0.158662874543804,0.3941117829779399,-0.3952793462381479,0.9154324272853894,0.5404216502433147,1.2732694342744821,0.27539120143719925,861125
1.5693060472768794,1.625711104784002,1.2517179297541352,1.6196112175049198,1.2255838058608295,1.6680363255348716,2.190543270049811,1281030
0.8169630218192392,0.3941117829779399,0.4282192917579936,1.6196112175049198,0.883002728052072,0.7030505913428085,1.8863179875980567,1154913
-0.8494767795694339,-1.4532871997311532,-1.2187779842342894,-1.549193338482967,-1.5150648166092298,-0.9198799616165703,0.7758338363128042,485901
-0.06798046187531012,-0.2216878779250911,-0.3952793462381479,-1.1971039433732018,-1.5150648166092298,-1.4023728287126018,1.155717701500962,695010
-1.5886538020815655,-1.4532871997311532,-1.2187779842342894,1.2675218223951545,1.568164883669587,-0.3935241066027177,-1.036259929179893,617791
1.0595936475293282,1.0099114438809709,0.4282192917579936,0.9154324272853894,0.5404216502433147,-1.621687768301707,-0.2082580564291572,1141318
0.8047374476555526,1.625711104784002,1.2517179297541352,-0.8450145482634366,-1.5150648166092298,0.39600967591806113,-0.1672468620486767,879178
1.0595936475293282,0.3941117829779399,-0.3952793462381479,0.9154324272853894,0.5404216502433147,-1.5778247803838858,-0.9507020926275114,1080035
-1.2378738664619406,-1.4532871997311532,-1.2187779842342894,-1.549193338482967,-1.5150648166092298,-0.9198799616165703,-0.8594875396088565,358614
0.019479414834140552,0.3941117829779399,0.4282192917579936,1.6196112175049198,1.568164883669587,1.4925843738635873,-0.6885486388936639,920731
1.654885066422686,1.0099114438809709,1.2517179297541352,-0.4929251531536714,-0.1447405053742001,-0.17420916701361247,1.805886550343235,1127738
-0.5748715752773953,-0.8374875388281221,-1.2187779842342894,-0.8450145482634366,-1.5150648166092298,-0.8321539857809281,-0.47094182733171774,527859
0.9410996210197499,1.0099114438809709,1.2517179297541352,0.21125363706585898,0.883002728052072,0.7469135792606295,0.23685482051071324,1036926
-0.32941966322184013,-0.2216878779250911,0.4282192917579936,0.5633430321756242,0.19784057243455727,1.18554345843884,-1.2020724305975257,694646
1.244858117548272,0.3941117829779399,0.4282192917579936,-0.4929251531536714,-0.829902660991715,0.13283174841113485,0.9402321586138683,954922
1.577769906313278,1.625711104784002,2.0752165677502767,0.5633430321756242,0.883002728052072,-0.3057981307670756,1.1037466189670773,1262574
-1.1588778487888884,-0.2216878779250911,-0.3952793462381479,1.2675218223951545,0.5404216502433147,1.5803103496992295,1.1527125708782544,687476
0.17841187896206706,1.0099114438809709,1.2517179297541352,-1.1971039433732018,-1.5150648166092298,0.04510577257549276,-1.1587631951526216,680420
0.9495634800561483,0.3941117829779399,0.4282192917579936,-0.8450145482634366,-0.829902660991715,-1.4023728287126018,0.8322242285859649,932694
0.3157144811080864,1.0099114438809709,1.2517179297541352,-0.1408357580439062,-0.829902660991715,-1.490098804548244,1.4852214356613744,957075
-0.5466587118227337,-0.2216878779250911,-0.3952793462381479,-0.8450145482634366,-0.4873215831829575,1.18554345843884,-1.238133998070017,512308
0.5235492418907595,-0.2216878779250911,-0.3952793462381479,0.9154324272853894,0.883002728052072,-0.9637429495343913,-1.2893979910456177,940146
-1.2021375727527028,-0.8374875388281221,-1.2187779842342894,1.6196112175049198,1.568164883669587,-0.43738709452053876,0.16314073405959092,737105
0.4558383695995719,0.3941117829779399,-0.3952793462381479,0.9154324272853894,0.5404216502433147,-0.26193514284925457,1.3736780578420504,998579
0.1718288774893127,0.3941117829779399,-0.3952793462381479,0.9154324272853894,0.5404216502433147,0.7030505913428085,-0.07037559256374858,859243
-1.539751505426819,-1.4532871997311532,-1.2187779842342894,1.2675218223951545,0.5404216502433147,0.8785025430140926,-1.2400784943552985,541805
0.1530203018528717,1.0099114438809709,0.4282192917579936,-0.4929251531536714,-0.4873215831829575,-0.43738709452053876,-0.7124129114857539,773570
0.8893760380195371,1.0099114438809709,1.2517179297541352,-0.1408357580439062,-0.4873215831829575,0.5275986396715243,0.1215992225103973,943840
1.447050305640013,1.625711104784002,2.0752165677502767,-0.1408357580439062,0.19784057243455727,-0.3935241066027177,1.6837368291496486,1161423
0.6900051362732624,-0.2216878779250911,0.4282192917579936,0.9154324272853894,0.5404216502433147,1.097817482603198,-1.00161254082397,926422
1.0031679206200053,1.0099114438809709,0.4282192917579936,0.5633430321756242,0.19784057243455727,0.7907765671784506,-0.8248401512529333,958804
-0.4845904122224784,-0.8374875388281221,-1.2187779842342894,1.2675218223951545,1.2255838058608295,-1.3585098407947807,0.8730586505768744,892099
0.24518232247143262,1.0099114438809709,0.4282192917579936,0.9154324272853894,0.883002728052072,-1.7094137441373491,1.5538091228149367,1055312
-0.4591988351132831,-0.8374875388281221,-1.2187779842342894,-1.1971039433732018,-0.4873215831829575,1.097817482603198,0.25188047362425137,513566
1.0577127899656842,0.3941117829779399,-0.3952793462381479,1.6196112175049198,1.568164883669587,0.8346395550962716,-0.0026717673580415086,1148995
-0.37644110231294264,-0.8374875388281221,-0.3952793462381479,-0.4929251531536714,-0.4873215831829575,-1.0514689253700333,1.2011482056207186,721424
1.524165465749421,1.0099114438809709,1.2517179297541352,0.21125363706585898,-0.4873215831829575,-1.0953319132878545,1.2002643436728633,1167171
0.6373411244912276,1.0099114438809709,0.4282192917579936,-1.1971039433732018,-0.829902660991715,-1.0953319132878545,-1.0898219632199173,818393
-1.037562535933844,-0.2216878779250911,-0.3952793462381479,0.5633430321756242,0.883002728052072,0.22055772424677694,0.2700880297500681,681037
-1.7344202632639834,-1.4532871997311532,-1.2187779842342894,-0.8450145482634366,-0.829902660991715,-0.08648319117797038,-2.1363145094804548,274507
0.3523912035991464,1.0099114438809709,0.4282192917579936,-0.8450145482634366,-0.4873215831829575,-0.43738709452053876,-0.8515327820781599,785817
1.1978366784571697,1.625711104784002,2.0752165677502767,-1.1971039433732018,-1.1724837388004723,-1.75327673205517,1.950309592622772,1034727
0.07214342661617537,-0.2216878779250911,-0.3952793462381479,0.9154324272853894,0.5404216502433147,-1.3146468528769597,-0.9607781188330605,878738
-0.27581522265798325,0.3941117829779399,-0.3952793462381479,0.21125363706585898,0.883002728052072,-1.621687768301707,0.697877212511977,850677
1.486548314476539,1.0099114438809709,0.4282192917579936,-1.549193338482967,-1.5150648166092298,1.317132422192303,-0.22434434388012153,835657
1.1235428046932276,0.3941117829779399,-0.3952793462381479,-1.549193338482967,-1.5150648166092298,-0.656702034109644,-0.9491111411213721,811641
-0.8062170556056196,-0.8374875388281221,-0.3952793462381479,0.5633430321756242,0.5404216502433147,0.39600967591806113,-0.4663457452028708,676267
1.4884291720401832,1.625711104784002,1.2517179297541352,0.9154324272853894,0.5404216502433147,-1.2707838649591385,-0.7290295161054313,1206878
0.6909455650550844,0.3941117829779399,-0.3952793462381479,-0.1408357580439062,-0.829902660991715,1.4925843738635873,1.6605796461158429,848746
-0.7046507471688381,-1.4532871997311532,-1.2187779842342894,-0.1408357580439062,-0.829902660991715,1.0539544946853767,-0.298942292279099,475613
-0.3557516691128575,0.3941117829779399,0.4282192917579936,-0.4929251531536714,-1.1724837388004723,0.264420712164598,-0.8769880061763891,626272
-1.1062138370068537,-1.4532871997311532,-1.2187779842342894,0.21125363706585898,0.19784057243455727,0.5275986396715243,0.08942664760846862,534864
0.5367152448362682,0.3941117829779399,-0.3952793462381479,0.21125363706585898,0.5404216502433147,1.317132422192303,0.5706010920208305,886941
0.8451758852739008,1.625711104784002,1.2517179297541352,-0.8450145482634366,-0.829902660991715,-1.7094137441373491,-1.1967692589103944,918735
-0.2814577953489156,0.3941117829779399,0.4282192917579936,1.2675218223951545,1.568164883669587,-0.744428009945286,0.14652412943991347,939890
-1.614985807972583,-1.4532871997311532,-1.2187779842342894,0.5633430321756242,0.19784057243455727,-1.621687768301707,-1.6008709414697844,527483
-1.577368656699701,-1.4532871997311532,-1.2187779842342894,-1.549193338482967,-0.829902660991715,-0.9637429495343913,0.8209107956534185,384354
0.09659457494354867,-0.8374875388281221,-0.3952793462381479,0.5633430321756242,0.883002728052072,-0.656702034109644,-0.9696167383116123,871439
-0.8306682039329929,-0.2216878779250911,0.4282192917579936,-0.1408357580439062,-0.829902660991715,1.4925843738635873,-0.712766456264896,554821
0.4125786456357576,-0.2216878779250911,0.4282192917579936,-0.1408357580439062,-0.1447405053742001,-0.042620203260149335,0.8605078109173308,873079
-0.999945384660962,-1.4532871997311532,-1.2187779842342894,-1.1971039433732018,-1.5150648166092298,0.39600967591806113,-1.612361146791902,340367
1.3765181470033592,1.0099114438809709,0.4282192917579936,-0.4929251531536714,-1.1724837388004723,0.0889687604933138,1.4079719014188314,978458
-1.3384997461169001,-1.4532871997311532,-1.2187779842342894,0.21125363706585898,-0.1447405053742001,1.4925843738635873,-0.10254816746567726,474767
1.5561400443313707,1.625711104784002,2.0752165677502767,1.6196112175049198,1.568164883669587,1.1416804705210188,1.127257346780025,1301268
-0.5673481450228188,-1.4532871997311532,-1.2187779842342894,0.5633430321756242,0.5404216502433147,-1.2707838649591385,-1.6360486469944207,698650
-0.8109191995147299,-1.4532871997311532,-1.2187779842342894,-0.1408357580439062,-0.1447405053742001,1.1416804705210188,-0.659734739393585,535845
0.4370297939631309,-0.2216878779250911,0.4282192917579936,1.2675218223951545,1.568164883669587,-0.612839046191823,1.0088198457674307,1049722
0.8357715974556802,1.625711104784002,2.0752165677502767,-0.8450145482634366,-0.829902660991715,0.5714616275893453,-0.3445495687884265,908195
-1.449470342371902,-0.8374875388281221,-0.3952793462381479,-1.549193338482967,-1.1724837388004723,1.097817482603198,-0.8352697222376244,320400
-0.9406983714061729,-0.8374875388281221,-1.2187779842342894,-0.4929251531536714,-0.829902660991715,0.35214668800024007,-1.3661172081194477,436678
-0.7544934726054069,-0.8374875388281221,-1.2187779842342894,1.2675218223951545,0.5404216502433147,-1.0953319132878545,-1.4656400634479414,764176
-1.0225156754246911,-0.8374875388281221,-0.3952793462381479,-0.4929251531536714,0.19784057243455727,-1.7094137441373491,-1.95989566468856,577970
0.36273592019918893,-0.2216878779250911,-0.3952793462381479,-1.1971039433732018,-0.829902660991715,0.8346395550962716,1.5672438244223355,719686
-1.0488476813157086,-1.4532871997311532,-1.2187779842342894,1.6196112175049198,0.883002728052072,0.5714616275893453,-1.4279875444693104,658780
0.33546348552634947,0.3941117829779399,-0.3952793462381479,-0.1408357580439062,-0.829902660991715,-0.4812500824383598,0.0537186249151192,800042
-1.409972333535376,-1.4532871997311532,-1.2187779842342894,-0.8450145482634366,-0.1447405053742001,-0.13034617909579144,0.9404089310034394,472576
-1.3037038811894843,-1.4532871997311532,-1.2187779842342894,1.2675218223951545,1.568164883669587,-0.5689760582740019,-1.9321423995259073,628182
1.1602195271842877,1.625711104784002,1.2517179297541352,-0.4929251531536714,-1.1724837388004723,-0.7005650220274651,-0.3060131878619405,1003885
-0.6566888792959136,-0.8374875388281221,-1.2187779842342894,0.21125363706585898,-0.4873215831829575,-1.3585098407947807,-0.6243802614793776,658176
0.17276930627113476,1.0099114438809709,1.2517179297541352,-1.1971039433732018,-0.829902660991715,0.8346395550962716,-0.2791437846471429,724087
-1.7062073998093217,-1.4532871997311532,-1.2187779842342894,0.21125363706585898,0.19784057243455727,0.04510577257549276,-1.766329898108275,412784
0.6486262698730922,0.3941117829779399,-0.3952793462381479,-0.8450145482634366,-1.5150648166092298,-0.042620203260149335,1.5149191971093086,823232
-0.4808286970951902,-0.8374875388281221,-1.2187779842342894,1.2675218223951545,0.883002728052072,1.5803103496992295,-1.463518794773089,695901
-0.683020885186931,-0.2216878779250911,0.4282192917579936,-1.1971039433732018,-0.829902660991715,0.04510577257549276,0.0869518341544741,544017
0.139854298907363,1.0099114438809709,0.4282192917579936,1.2675218223951545,0.5404216502433147,0.264420712164598,0.519513871434801,962598
0.7680607251644926,1.0099114438809709,1.2517179297541352,-0.1408357580439062,0.5404216502433147,-0.17420916701361247,-1.1592935123213348,982861
-0.3604538130219678,-0.8374875388281221,-0.3952793462381479,0.9154324272853894,0.5404216502433147,1.7118993134526925,-1.4410687012975671,704309
1.1809089603843728,0.3941117829779399,0.4282192917579936,-1.1971039433732018,-1.5150648166092298,-0.8321539857809281,0.5140339273580988,883890
-0.6736165973687105,-1.4532871997311532,-1.2187779842342894,0.21125363706585898,-0.1447405053742001,0.7030505913428085,-0.9256004133084241,547517
-0.3350622359127724,-0.8374875388281221,-1.2187779842342894,-0.8450145482634366,-1.1724837388004723,-0.612839046191823,-0.10219462268653517,580357
0.7163371421642798,1.0099114438809709,0.4282192917579936,1.6196112175049198,1.568164883669587,0.0012427846576717127,0.5453226403121723,1116762
-1.3986871881535112,-0.8374875388281221,-1.2187779842342894,-0.1408357580439062,-0.4873215831829575,1.7118993134526925,0.32594810485451575,408129
-0.16954677031209156,-0.2216878779250911,-0.3952793462381479,0.9154324272853894,0.883002728052072,-0.3057981307670756,-0.04350618934895099,872188
-1.373295611044316,-1.4532871997311532,-1.2187779842342894,1.6196112175049198,1.568164883669587,-0.3935241066027177,-0.4118998492149915,691920
0.43044679249037654,-0.2216878779250911,-0.3952793462381479,-1.549193338482967,-1.5150648166092298,1.097817482603198,0.11558896126498205,659531
-1.410912762317198,-0.8374875388281221,-1.2187779842342894,-0.1408357580439062,0.5404216502433147,-1.2707838649591385,-0.11456868995650775,553430
-0.07738474969353062,0.3941117829779399,0.4282192917579936,-0.8450145482634366,-1.5150648166092298,-0.042620203260149335,-0.37071188244493997,661815
1.5824720502223881,1.625711104784002,1.2517179297541352,-0.4929251531536714,-0.1447405053742001,1.4048583980279452,1.3920623863574382,1041047
0.3759019231446976,0.3941117829779399,-0.3952793462381479,-1.1971039433732018,-0.829902660991715,1.5364473617814083,0.8071225492668777,689541
1.1160193744386513,1.0099114438809709,1.2517179297541352,1.2675218223951545,1.568164883669587,1.4048583980279452,1.2684984860472834,1165733
0.19722045459850807,1.0099114438809709,0.4282192917579936,-0.8450145482634366,-0.829902660991715,-1.3585098407947807,-1.280205826787924,764305
1.147993953020601,1.625711104784002,1.2517179297541352,-1.1971039433732018,-1.5150648166092298,0.308283700082419,0.24374894370398367,888483
0.28562076008978077,1.0099114438809709,1.2517179297541352,1.6196112175049198,1.568164883669587,-0.9198799616165703,0.7159079962482228,1140059
-1.578309085481523,-1.4532871997311532,-1.2187779842342894,1.2675218223951545,0.883002728052072,-0.08648319117797038,-1.1182823179408543,585801
-0.014376021311453258,0.3941117829779399,-0.3952793462381479,0.5633430321756242,0.5404216502433147,0.8346395550962716,1.1972592130501556,844709
-1.0338008208065559,-0.2216878779250911,-0.3952793462381479,0.21125363706585898,0.5404216502433147,1.097817482603198,-0.25952204940475787,602989
1.0332616416383107,0.3941117829779399,0.4282192917579936,-1.549193338482967,-1.5150648166092298,1.0539544946853767,0.3245339257379474,783076
1.152696096929711,0.3941117829779399,-0.3952793462381479,-0.1408357580439062,-0.1447405053742001,0.4398726638358822,0.1905404544431016,962961
1.166802528657042,1.0099114438809709,0.4282192917579936,-0.8450145482634366,-1.5150648166092298,-0.21807215493143353,0.3506962393944609,891787
-1.2942995933712638,-0.8374875388281221,-0.3952793462381479,-1.549193338482967,-1.5150648166092298,-0.744428009945286,0.7017662050825398,432707
0.5414173887453785,1.0099114438809709,0.4282192917579936,-0.4929251531536714,-0.829902660991715,-0.612839046191823,0.23544064139414494,872162
1.6614680678954403,1.0099114438809709,1.2517179297541352,-1.1971039433732018,-1.5150648166092298,-1.7094137441373491,0.050359949513269504,1002120
-0.1197040448755229,-0.2216878779250911,0.4282192917579936,-1.1971039433732018,-0.829902660991715,-0.43738709452053876,1.1125852384456292,712557
-1.0102901012610046,-1.4532871997311532,-1.2187779842342894,-0.8450145482634366,-0.1447405053742001,0.7030505913428085,0.7014126603033977,495148
0.251765323944187,-0.2216878779250911,0.4282192917579936,0.9154324272853894,0.19784057243455727,1.6241733376170504,-0.05499639467106838,825159
0.8019161613100864,0.3941117829779399,0.4282192917579936,0.9154324272853894,1.568164883669587,1.097817482603198,1.6312354294470508,1075317
0.015717699706852353,-0.8374875388281221,-1.2187779842342894,0.5633430321756242,0.883002728052072,-0.5251130703561808,-0.47677531618756197,825797
0.8414141701466126,1.625711104784002,2.0752165677502767,0.21125363706585898,-0.4873215831829575,-1.1391949012056755,0.5545148045698662,1052982
-0.289921654385314,0.3941117829779399,0.4282192917579936,1.2675218223951545,0.5404216502433147,-1.2707838649591385,-1.3328839988800927,901158
-0.8635832112967647,-1.4532871997311532,-1.2187779842342894,-0.4929251531536714,0.19784057243455727,-0.5689760582740019,0.8900287999756938,624077
0.7351457178007208,0.3941117829779399,-0.3952793462381479,-1.549193338482967,-1.5150648166092298,-0.744428009945286,1.0538968051080448,780007
-0.3698581008401883,-0.2216878779250911,-0.3952793462381479,0.9154324272853894,0.5404216502433147,-0.8760169736987492,-1.2264670203583288,792111
0.7633585812553824,0.3941117829779399,0.4282192917579936,0.5633430321756242,0.5404216502433147,-1.3585098407947807,-1.1582328779839084,1006706
-0.7996340541328653,-0.8374875388281221,-1.2187779842342894,0.5633430321756242,1.2255838058608295,1.6241733376170504,-0.7311507847802838,626453
1.3266754215667904,0.3941117829779399,0.4282192917579936,-0.8450145482634366,-1.1724837388004723,-1.0076059374522124,0.7208576231562117,955787
-1.2942995933712638,-0.8374875388281221,-0.3952793462381479,-0.4929251531536714,-0.4873215831829575,-1.1830578891234966,-0.3836162668836256,470753
0.8799717502013166,1.0099114438809709,1.2517179297541352,1.6196112175049198,1.2255838058608295,-0.3057981307670756,1.8279830990396146,1242062
-1.393044615462579,-1.4532871997311532,-1.2187779842342894,1.2675218223951545,0.5404216502433147,0.7469135792606295,-0.8036274645044088,567761
-0.9482218016607492,-0.8374875388281221,-0.3952793462381479,0.21125363706585898,0.19784057243455727,1.5364473617814083,0.5836822488490873,593270
0.906303756092334,1.0099114438809709,1.2517179297541352,-0.1408357580439062,-0.4873215831829575,-0.8321539857809281,1.392239158747009,1030492
-1.3977467593716892,-1.4532871997311532,-1.2187779842342894,-0.8450145482634366,-1.1724837388004723,1.2732694342744821,0.3807475456215371,356304
-1.5726665127905906,-0.8374875388281221,-1.2187779842342894,1.2675218223951545,0.883002728052072,-0.21807215493143353,-0.038556562440961964,617290
-0.7902297663146448,-0.2216878779250911,-0.3952793462381479,-0.1408357580439062,-0.1447405053742001,0.1766947363289559,-1.0028499475509671,582685
0.0025516967613436474,-0.8374875388281221,-0.3952793462381479,-0.1408357580439062,0.19784057243455727,-0.21807215493143353,-1.4474325073221246,697565
1.6426594922589994,1.625711104784002,2.0752165677502767,-0.4929251531536714,-0.4873215831829575,-0.8321539857809281,0.13485715172822504,1097184
0.9975253479290729,0.3941117829779399,-0.3952793462381479,-0.4929251531536714,0.19784057243455727,1.6241733376170504,0.2760982909954834,857844
-0.3707985296220103,-0.8374875388281221,-0.3952793462381479,-1.549193338482967,-1.5150648166092298,1.7118993134526925,1.2190022169673933,509778
1.6624084966772625,1.0099114438809709,0.4282192917579936,0.5633430321756242,0.19784057243455727,0.8785025430140926,0.5548683493490083,1134899
-0.9548048031335036,-0.2216878779250911,-0.3952793462381479,1.2675218223951545,0.5404216502433147,0.6591876034249874,-1.47394836575778,658468
0.8574014594375874,0.3941117829779399,-0.3952793462381479,-0.8450145482634366,-0.829902660991715,-0.34966111868489663,0.27203252603534955,809675
1.3483052835486977,1.0099114438809709,1.2517179297541352,-1.1971039433732018,-1.1724837388004723,0.1766947363289559,1.3222372924768786,954771
-1.2369334376801187,-0.8374875388281221,-0.3952793462381479,-0.8450145482634366,-1.1724837388004723,-0.21807215493143353,0.22200593978674615,458341
-0.8071574843874416,-0.2216878779250911,-0.3952793462381479,-1.549193338482967,-1.5150648166092298,-0.9198799616165703,-1.0871703773763517,463491
-1.6770541075728382,-0.8374875388281221,-1.2187779842342894,0.21125363706585898,-0.4873215831829575,-1.0076059374522124,-0.8068093675166875,491704
0.04204970559786976,0.3941117829779399,-0.3952793462381479,0.5633430321756242,1.2255838058608295,-0.13034617909579144,-0.37371701306764754,885894
-0.11406147218459059,-0.2216878779250911,-0.3952793462381479,-1.1971039433732018,-1.1724837388004723,1.1416804705210188,0.5272918565759266,581254
0.6147708337274984,1.0099114438809709,0.4282192917579936,0.9154324272853894,0.19784057243455727,-0.7882909978631071,1.825331513196049,1056768
1.504416461331158,1.625711104784002,2.0752165677502767,0.21125363706585898,-0.4873215831829575,-1.0953319132878545,1.9375819805736574,1201500
0.3759019231446976,-0.2216878779250911,-0.3952793462381479,-0.4929251531536714,-0.1447405053742001,0.7907765671784506,0.08765892371275825,755018
0.8630440321285197,1.625711104784002,2.0752165677502767,-0.1408357580439062,0.19784057243455727,1.229406446356661,0.22501107040945378,979114
-0.18835534594853257,-0.2216878779250911,-0.3952793462381479,0.9154324272853894,0.19784057243455727,1.18554345843884,1.271150071890849,828982
1.282475268821154,1.0099114438809709,1.2517179297541352,-0.8450145482634366,-0.1447405053742001,-0.8760169736987492,1.8338165878954589,1043908
-1.2585632996620257,-1.4532871997311532,-1.2187779842342894,-0.8450145482634366,-1.5150648166092298,1.6241733376170504,0.7017662050825398,363101
-0.7704807618963817,-0.8374875388281221,-0.3952793462381479,-0.4929251531536714,-0.829902660991715,1.6241733376170504,0.5131500654102437,538025
0.6523879850003804,1.0099114438809709,1.2517179297541352,-1.549193338482967,-1.5150648166092298,1.2732694342744821,-1.1668947250728894,694437
-0.6538675929504475,-0.2216878779250911,0.4282192917579936,1.2675218223951545,1.568164883669587,-1.2707838649591385,-1.0077995744589563,874703
-0.14697647954836235,-0.2216878779250911,0.4282192917579936,0.9154324272853894,0.5404216502433147,-1.0953319132878545,1.2289014707833712,927685
1.3501861411123417,1.0099114438809709,0.4282192917579936,0.9154324272853894,1.568164883669587,-1.1830578891234966,0.9006351433499561,1242072
1.2025388223662798,1.625711104784002,2.0752165677502767,1.6196112175049198,1.2255838058608295,0.8785025430140926,-0.0035556293058966923,1216496
-0.05575488771162347,-0.2216878779250911,-0.3952793462381479,0.21125363706585898,0.19784057243455727,1.317132422192303,0.016949967884343567,736184
0.7022307104369491,-0.2216878779250911,0.4282192917579936,0.5633430321756242,0.5404216502433147,0.22055772424677694,0.36360062383314656,1002830
0.8000353037464423,1.0099114438809709,1.2517179297541352,0.21125363706585898,0.5404216502433147,-0.3935241066027177,1.1194793616388996,1064613
0.6824817060186861,0.3941117829779399,-0.3952793462381479,1.2675218223951545,0.883002728052072,-1.1391949012056755,-0.8129964011516738,1062584
-0.26453007727611866,-0.8374875388281221,-0.3952793462381479,-0.8450145482634366,-0.4873215831829575,0.13283174841113485,-1.5817795233961125,602810
1.111317230529541,0.3941117829779399,-0.3952793462381479,-0.8450145482634366,-1.1724837388004723,-1.0514689253700333,1.3372629455904168,934169
0.7661798676008486,1.0099114438809709,0.4282192917579936,-0.8450145482634366,-0.4873215831829575,0.0012427846576717127,1.0611444730804573,916186
-1.018753960297403,-0.2216878779250911,-0.3952793462381479,1.6196112175049198,1.568164883669587,0.5714616275893453,-1.6210229938808827,733153
-0.7780041921509581,-1.4532871997311532,-1.2187779842342894,-0.8450145482634366,-0.1447405053742001,0.13283174841113485,1.0257899951662501,547653
-0.22127035331230432,-0.8374875388281221,-0.3952793462381479,1.2675218223951545,1.568164883669587,-1.5778247803838858,0.40160668759091944,948467
1.6445403498226434,1.625711104784002,2.0752165677502767,-0.4929251531536714,-0.829902660991715,-0.612839046191823,1.756920598432058,1126087
-0.4845904122224784,-0.2216878779250911,-0.3952793462381479,0.5633430321756242,0.19784057243455727,1.6241733376170504,-1.2901050806039018,622369
0.09659457494354867,-0.8374875388281221,-0.3952793462381479,1.2675218223951545,1.2255838058608295,1.6680363255348716,1.1150600518996236,880336
-0.49305427125887685,0.3941117829779399,0.4282192917579936,0.5633430321756242,0.19784057243455727,0.0889687604933138,-0.09088118975398883,775058
-0.20246177767586332,-0.2216878779250911,-0.3952793462381479,1.2675218223951545,0.5404216502433147,-0.43738709452053876,-1.0668415525756825,856638
-0.3284792344400181,-0.8374875388281221,-0.3952793462381479,-0.8450145482634366,-0.1447405053742001,-1.0514689253700333,-1.0553513472535652,634102
0.15019901550740555,0.3941117829779399,-0.3952793462381479,-0.4929251531536714,-0.1447405053742001,0.5714616275893453,1.573961175226035,812307
1.448931163203657,1.625711104784002,1.2517179297541352,0.9154324272853894,1.568164883669587,0.9223655309319136,-0.19199499658862182,1169194
-0.35951338424014573,-0.8374875388281221,-0.3952793462381479,0.21125363706585898,0.19784057243455727,-0.3935241066027177,0.20026293586950863,731207
1.3389009957304772,1.0099114438809709,1.2517179297541352,-0.1408357580439062,0.19784057243455727,-0.042620203260149335,1.5444401861676718,1123657
0.33734434308999356,-0.2216878779250911,0.4282192917579936,-0.4929251531536714,-0.1447405053742001,-1.2269208770413176,0.5317111663152024,864739
1.3332584230395448,1.0099114438809709,0.4282192917579936,0.9154324272853894,0.19784057243455727,-0.26193514284925457,0.9043473635309479,1142810
-0.44227111704048616,0.3941117829779399,-0.3952793462381479,-1.549193338482967,-1.5150648166092298,-1.5778247803838858,0.6536841151192178,618654
-0.4497945472950626,0.3941117829779399,0.4282192917579936,1.2675218223951545,0.883002728052072,1.4048583980279452,-0.847643789507597,776363
-0.5381948527863353,-0.8374875388281221,-0.3952793462381479,-1.549193338482967,-1.5150648166092298,-0.5251130703561808,-0.7164786764458878,490107
0.7539542934371618,0.3941117829779399,0.4282192917579936,0.9154324272853894,0.19784057243455727,1.2732694342744821,0.9266206846168985,986184
0.7492521495280516,-0.2216878779250911,0.4282192917579936,-0.4929251531536714,0.19784057243455727,-0.7005650220274651,1.0920796412553888,961045
-0.8522980659149001,-1.4532871997311532,-1.2187779842342894,1.2675218223951545,1.568164883669587,-0.8321539857809281,-0.8103448153081082,727758
-0.10371675558454804,-0.2216878779250911,0.4282192917579936,-0.1408357580439062,0.5404216502433147,1.097817482603198,0.7197969888187855,800939
-0.5607651435500645,-0.8374875388281221,-1.2187779842342894,-0.8450145482634366,-1.5150648166092298,0.1766947363289559,-0.2966442512146756,507475
1.4592758798036995,1.625711104784002,1.2517179297541352,1.2675218223951545,0.883002728052072,1.229406446356661,0.9183123823070598,1188251
-1.0996308355340993,-0.2216878779250911,0.4282192917579936,1.2675218223951545,1.568164883669587,1.360995410110124,-1.453973085736253,670785
-0.3755006735311206,-0.8374875388281221,-0.3952793462381479,-0.4929251531536714,0.19784057243455727,-1.75327673205517,-0.020702551094287255,736797
-0.41781996871311283,-0.8374875388281221,-0.3952793462381479,-0.4929251531536714,-0.829902660991715,0.13283174841113485,-0.7394590870901225,575911
-1.1569969912252445,-0.2216878779250911,-0.3952793462381479,0.9154324272853894,0.883002728052072,1.4925843738635873,0.035687841178873456,635243
-1.468278918008343,-1.4532871997311532,-1.2187779842342894,-1.1971039433732018,-0.4873215831829575,-0.08648319117797038,0.7293426978556216,403866
1.3332584230395448,1.625711104784002,2.0752165677502767,1.2675218223951545,1.568164883669587,0.5714616275893453,-0.5662221453105065,1232475
-0.5842758630956157,-0.2216878779250911,-0.3952793462381479,0.21125363706585898,0.19784057243455727,1.4925843738635873,-0.7709245724337671,647456
-1.1240819838614726,-0.2216878779250911,0.4282192917579936,1.2675218223951545,1.2255838058608295,-0.5251130703561808,-1.8856512610687246,713905
-1.1428905594979137,-1.4532871997311532,-1.2187779842342894,0.9154324272853894,1.2255838058608295,0.5714616275893453,1.0220777749852583,667104
0.11258186423452353,0.3941117829779399,0.4282192917579936,0.5633430321756242,1.2255838058608295,-1.0953319132878545,-1.218512262827632,900239
1.4733823115310303,1.0099114438809709,0.4282192917579936,-1.549193338482967,-1.5150648166092298,-0.9198799616165703,-0.11280096606079738,880908
-0.23255549869416892,-0.8374875388281221,-0.3952793462381479,-0.8450145482634366,-0.4873215831829575,0.22055772424677694,0.38764166881480755,626114
-0.3604538130219678,-0.8374875388281221,-0.3952793462381479,-1.1971039433732018,-0.829902660991715,1.1416804705210188,-0.2211624408678429,552276
1.3407818532941211,1.0099114438809709,0.4282192917579936,-0.1408357580439062,0.19784057243455727,1.0539544946853767,-0.3988186923867348,1001456
-0.6980677456960839,-1.4532871997311532,-1.2187779842342894,-0.1408357580439062,-0.1447405053742001,0.7469135792606295,1.0047540808072968,605506
-0.02378030912967376,-0.8374875388281221,-0.3952793462381479,-0.1408357580439062,-0.4873215831829575,0.5275986396715243,-0.2110864146622938,678550
-0.3369430934764165,-0.2216878779250911,-0.3952793462381479,-0.4929251531536714,-1.1724837388004723,-1.75327673205517,0.2738002499310599,691505
0.5743323961091502,-0.2216878779250911,-0.3952793462381479,-0.1408357580439062,0.5404216502433147,1.097817482603198,-0.23495068725438376,822772
-1.2369334376801187,-0.8374875388281221,-1.2187779842342894,-0.8450145482634366,-0.1447405053742001,-0.5251130703561808,1.030739622074239,520550
-0.552301284513666,-0.2216878779250911,-0.3952793462381479,-1.549193338482967,-1.5150648166092298,1.2732694342744821,-0.07125945451160376,461134
1.6012806258588292,1.0099114438809709,1.2517179297541352,-0.1408357580439062,0.19784057243455727,-1.4462358166304228,-0.5025840850649334,1118840
1.484667456912895,1.625711104784002,2.0752165677502767,1.2675218223951545,0.5404216502433147,-0.5251130703561808,-0.8456992932223156,1229303
1.485607885694717,1.625711104784002,1.2517179297541352,1.2675218223951545,1.568164883669587,0.4398726638358822,1.1852386905593253,1277094
1.227930399475475,1.0099114438809709,0.4282192917579936,-0.4929251531536714,0.19784057243455727,-0.34966111868489663,0.37597469110311915,1005737
-0.22785335478505866,-0.2216878779250911,-0.3952793462381479,-0.8450145482634366,-0.4873215831829575,-1.665550756219528,-0.8315575020566327,694879
1.7094299357683649,1.625711104784002,1.2517179297541352,-1.549193338482967,-1.5150648166092298,0.8346395550962716,0.2092783277376315,950119
1.0539510748383958,1.0099114438809709,1.2517179297541352,-1.1971039433732018,-1.5150648166092298,-0.26193514284925457,1.1440507237892736,924065
1.1978366784571697,1.625711104784002,2.0752165677502767,0.9154324272853894,0.5404216502433147,1.229406446356661,1.458705577225719,1165854
-1.109975552134142,-0.8374875388281221,-1.2187779842342894,-1.549193338482967,-1.5150648166092298,1.5364473617814083,-0.5685201863749301,324474
0.2649313268896957,1.0099114438809709,0.4282192917579936,0.9154324272853894,0.19784057243455727,-0.9198799616165703,-1.3010649687573062,931532
-1.765454413064111,-1.4532871997311532,-1.2187779842342894,0.5633430321756242,-0.1447405053742001,1.4048583980279452,-0.8833518122009464,419045
-1.1635799926979988,-0.2216878779250911,0.4282192917579936,0.9154324272853894,1.568164883669587,-0.08648319117797038,-0.11350805561908153,726319
0.36555720654465507,1.0099114438809709,0.4282192917579936,0.21125363706585898,0.883002728052072,-1.621687768301707,-0.7504189752435269,984467
-0.272053507530695,0.3941117829779399,0.4282192917579936,1.2675218223951545,0.5404216502433147,-0.9637429495343913,0.4327186281554219,920710
-0.963268662169902,-0.2216878779250911,-0.3952793462381479,-0.8450145482634366,-0.829902660991715,0.1766947363289559,-1.1667179526833182,507899
-0.11218061462094649,-0.2216878779250911,0.4282192917579936,1.6196112175049198,1.568164883669587,0.0889687604933138,1.2927163034185156,1002673
1.3332584230395448,0.3941117829779399,-0.3952793462381479,-0.4929251531536714,-0.4873215831829575,-1.2269208770413176,-0.9224185102961455,960727
0.5207279555452934,1.0099114438809709,1.2517179297541352,0.21125363706585898,-0.4873215831829575,-1.2269208770413176,1.372087106335911,998497
1.5006547462038697,1.625711104784002,1.2517179297541352,0.9154324272853894,1.568164883669587,0.8346395550962716,2.127081982193809,1272084
-0.2043426352395074,-0.8374875388281221,-1.2187779842342894,-0.1408357580439062,-0.4873215831829575,0.7030505913428085,-1.189344818548411,625101
-0.682080456405109,-1.4532871997311532,-1.2187779842342894,-0.8450145482634366,-1.5150648166092298,0.4837356517537032,-0.5549087123779602,451214
-0.7544934726054069,-1.4532871997311532,-1.2187779842342894,0.21125363706585898,0.5404216502433147,0.5275986396715243,-0.22593529538626086,619822
-0.1610829112756931,-0.8374875388281221,-1.2187779842342894,-0.4929251531536714,-0.4873215831829575,0.0889687604933138,-0.11668995863136018,664630
0.8451758852739008,1.625711104784002,2.0752165677502767,1.2675218223951545,0.5404216502433147,1.360995410110124,-0.751302837191382,1039784
-0.17236805665755772,0.3941117829779399,0.4282192917579936,-0.8450145482634366,-1.5150648166092298,1.360995410110124,-1.430639130312876,579608
-0.1366317629483198,-0.2216878779250911,-0.3952793462381479,-0.4929251531536714,0.19784057243455727,0.04510577257549276,1.362364624909504,771238
-0.4131178248040026,-0.2216878779250911,-0.3952793462381479,0.5633430321756242,1.2255838058608295,-0.656702034109644,0.35741359019816027,852694
0.39094878365385044,0.3941117829779399,-0.3952793462381479,0.5633430321756242,1.2255838058608295,-0.7882909978631071,1.3019084676762094,998625
-0.9811368090245209,-1.4532871997311532,-1.2187779842342894,-0.4929251531536714,-0.1447405053742001,0.0889687604933138,1.164909865758656,556720
1.5345101823494636,1.0099114438809709,0.4282192917579936,0.21125363706585898,0.883002728052072,1.5803103496992295,1.4719635064435468,1113646
-1.5764282279178787,-0.8374875388281221,-0.3952793462381479,-0.8450145482634366,-1.5150648166092298,-0.5689760582740019,-1.0187594626123606,383501
1.2947008429848408,0.3941117829779399,0.4282192917579936,0.21125363706585898,0.883002728052072,-1.4023728287126018,-0.9763340891153117,1096506
-1.6516625304636428,-1.4532871997311532,-1.2187779842342894,-1.1971039433732018,-1.5150648166092298,-0.9198799616165703,-0.712589683875325,302486
-1.3902233291171129,-1.4532871997311532,-1.2187779842342894,0.9154324272853894,1.568164883669587,0.6591876034249874,-1.4532659961779688,577195
-1.0460263949702424,-0.8374875388281221,-1.2187779842342894,-1.1971039433732018,-0.829902660991715,-0.08648319117797038,-1.2158606769840665,450008
-1.4908492087720722,-1.4532871997311532,-1.2187779842342894,0.5633430321756242,0.19784057243455727,0.4398726638358822,-1.1642431392293238,496631
0.4219829334539781,1.0099114438809709,0.4282192917579936,1.2675218223951545,0.5404216502433147,-1.2707838649591385,0.20715705906277906,1079415
0.9900019176744965,0.3941117829779399,-0.3952793462381479,-1.549193338482967,-1.5150648166092298,1.6680363255348716,1.4800950363638143,771595
1.6953235040410342,1.0099114438809709,1.2517179297541352,0.9154324272853894,0.883002728052072,0.6153246155071663,-0.23689518353966516,1211321
-1.5811303718269891,-0.8374875388281221,-0.3952793462381479,0.5633430321756242,0.19784057243455727,1.6241733376170504,0.14882217050433696,509344
1.0821639382930575,0.3941117829779399,0.4282192917579936,0.21125363706585898,0.19784057243455727,-1.3146468528769597,0.2718557536457785,1066302
0.048632707070624115,-0.8374875388281221,-1.2187779842342894,0.21125363706585898,-0.1447405053742001,-0.656702034109644,-0.24378930673293558,775372
1.6022210546406512,1.625711104784002,2.0752165677502767,0.21125363706585898,-0.1447405053742001,0.04510577257549276,-0.32563492310432557,1133090
0.8658653184739858,1.625711104784002,2.0752165677502767,1.2675218223951545,1.568164883669587,-0.612839046191823,1.7441929863829433,1257752
0.2940846191261792,1.0099114438809709,1.2517179297541352,-1.1971039433732018,-1.1724837388004723,-1.3146468528769597,0.2154653613726178,798364
-1.1946141424981265,-0.2216878779250911,0.4282192917579936,-1.549193338482967,-1.1724837388004723,-0.13034617909579144,-1.1875770946527007,441825
1.3106881322758157,1.625711104784002,2.0752165677502767,0.21125363706585898,-0.1447405053742001,0.0889687604933138,0.16596909229272752,1085009
-0.6877230290960413,-0.8374875388281221,-1.2187779842342894,1.6196112175049198,0.883002728052072,-0.9637429495343913,-1.1297725232629716,796700
-1.5914750884270317,-1.4532871997311532,-1.2187779842342894,0.9154324272853894,0.5404216502433147,1.0100915067675558,-1.1819203781864274,512085
1.428241730003572,0.3941117829779399,0.4282192917579936,-0.8450145482634366,-0.4873215831829575,-1.533961792466065,1.1286715258965934,1037760
0.5950218293092353,-0.2216878779250911,0.4282192917579936,1.6196112175049198,1.568164883669587,0.22055772424677694,0.13291265544294364,1052650
1.449871591985479,1.0099114438809709,1.2517179297541352,-1.549193338482967,-1.5150648166092298,0.04510577257549276,-0.6805938813629673,896017
-0.07926560725717473,-0.8374875388281221,-1.2187779842342894,1.2675218223951545,1.568164883669587,1.0539544946853767,-0.024061226496136952,851905
-1.146652274625202,-0.8374875388281221,-1.2187779842342894,-1.549193338482967,-1.5150648166092298,1.360995410110124,0.7804299184416511,368059
0.8771504638558504,1.625711104784002,2.0752165677502767,-0.8450145482634366,-0.1447405053742001,0.7907765671784506,-0.44919882341448025,911738
1.056772361183862,1.0099114438809709,0.4282192917579936,0.9154324272853894,0.19784057243455727,0.4837356517537032,-0.5791265297491922,1059833
0.07214342661617537,-0.8374875388281221,-1.2187779842342894,-0.8450145482634366,-1.5150648166092298,0.264420712164598,-0.3616964905768171,573699
0.5376556736180903,0.3941117829779399,0.4282192917579936,-0.4929251531536714,-1.1724837388004723,-1.490098804548244,0.0013939976020923355,865617
-0.4789478395315461,0.3941117829779399,-0.3952793462381479,0.9154324272853894,0.883002728052072,-1.3146468528769597,0.2444560332622678,888826
0.10129671885265892,0.3941117829779399,-0.3952793462381479,-1.549193338482967,-1.5150648166092298,0.8785025430140926,-1.026007130584773,571895
-0.3237770905309078,-0.2216878779250911,0.4282192917579936,0.21125363706585898,-0.1447405053742001,1.18554345843884,1.2400381313263467,750645
-1.6290922396999137,-1.4532871997311532,-1.2187779842342894,-1.549193338482967,-1.5150648166092298,-0.7005650220274651,0.4947657368948558,319819
1.260845406839247,1.0099114438809709,0.4282192917579936,-1.549193338482967,-1.5150648166092298,-1.2707838649591385,-0.22947074317768162,886605
0.9711933420380555,0.3941117829779399,0.4282192917579936,0.9154324272853894,1.568164883669587,-0.656702034109644,0.21794017482661232,1101672
-0.13569133416649776,-0.2216878779250911,-0.3952793462381479,-0.4929251531536714,-0.829902660991715,-1.2707838649591385,1.2193557617465354,748748
-0.03318459694789427,-0.2216878779250911,-0.3952793462381479,-1.549193338482967,-1.5150648166092298,0.0889687604933138,-0.15893855973883797,573588
-1.3074655963167725,-1.4532871997311532,-1.2187779842342894,1.6196112175049198,1.568164883669587,0.4398726638358822,-1.0864632878180676,663941
1.0323212128564887,1.625711104784002,2.0752165677502767,0.5633430321756242,1.2255838058608295,-0.17420916701361247,-0.9832282123085822,1107454
0.07590514174346358,0.3941117829779399,0.4282192917579936,-0.1408357580439062,-0.829902660991715,0.22055772424677694,-0.02565217800227628,758922
-0.20246177767586332,-0.8374875388281221,-1.2187779842342894,-0.1408357580439062,-0.4873215831829575,0.5275986396715243,0.8896752551965518,677381
0.6768391333277537,-0.2216878779250911,0.4282192917579936,-1.549193338482967,-0.829902660991715,1.7118993134526925,1.0190726443625506,715230
0.476527802799657,1.0099114438809709,0.4282192917579936,1.6196112175049198,1.568164883669587,-1.2269208770413176,-1.2519222444565579,1094810
0.9787167722926319,1.625711104784002,2.0752165677502767,0.21125363706585898,-0.4873215831829575,0.5714616275893453,0.8794224566014317,1040324
-1.1645204214798208,-0.2216878779250911,-0.3952793462381479,1.2675218223951545,1.568164883669587,0.7030505913428085,-1.209143326180367,701610
-0.07174217700259833,-0.2216878779250911,0.4282192917579936,1.2675218223951545,1.568164883669587,-1.621687768301707,-0.9312571297746973,980686
0.6034856883456338,0.3941117829779399,0.4282192917579936,0.9154324272853894,1.568164883669587,1.4925843738635873,1.5879261940021467,1041641
0.08530942956168408,0.3941117829779399,0.4282192917579936,-0.1408357580439062,-0.4873215831829575,0.35214668800024007,-1.1172216836034279,743250
0.3006676205989336,0.3941117829779399,0.4282192917579936,-1.549193338482967,-1.5150648166092298,-1.490098804548244,0.15748401759331776,730693
-0.41405825358582465,-0.2216878779250911,-0.3952793462381479,1.2675218223951545,1.568164883669587,-1.3146468528769597,-0.1225234474872044,895601
1.4019097241125544,0.3941117829779399,0.4282192917579936,-1.549193338482967,-0.829902660991715,0.5714616275893453,1.0042237636385836,882351
-0.22973421234870278,0.3941117829779399,0.4282192917579936,0.9154324272853894,0.5404216502433147,0.1766947363289559,-1.204193699272378,824388
-1.5200025010085558,-0.8374875388281221,-1.2187779842342894,-0.1408357580439062,-0.829902660991715,-0.7882909978631071,-1.1018424857107478,435778
-0.08584860872992908,-0.2216878779250911,0.4282192917579936,-0.8450145482634366,-0.829902660991715,-0.5689760582740019,-0.8999684168206239,700554
0.2940846191261792,1.0099114438809709,0.4282192917579936,0.5633430321756242,0.19784057243455727,0.7030505913428085,0.6515628464443654,913952
0.4840512330542334,-0.2216878779250911,0.4282192917579936,0.5633430321756242,-0.1447405053742001,-0.656702034109644,-0.2269959297236871,943985
-1.1805077107707957,-1.4532871997311532,-1.2187779842342894,1.2675218223951545,1.568164883669587,-0.7005650220274651,-1.4654632910583703,686011
-0.8109191995147299,-1.4532871997311532,-1.2187779842342894,0.5633430321756242,-0.1447405053742001,0.5714616275893453,-0.8971400585874872,572301
1.6595872103317963,1.625711104784002,1.2517179297541352,-0.8450145482634366,-1.5150648166092298,-0.5251130703561808,0.29218457844644774,1023219
-0.9388175138425288,-0.2216878779250911,0.4282192917579936,-1.549193338482967,-1.5150648166092298,-0.21807215493143353,-0.5847832462154654,434293
0.1605437321074481,1.0099114438809709,1.2517179297541352,0.9154324272853894,0.883002728052072,-1.1830578891234966,1.2787512846424036,1053311
1.002227491838183,1.625711104784002,2.0752165677502767,-0.8450145482634366,-1.5150648166092298,1.6241733376170504,1.1398081864395688,879488
-0.5184458483680722,0.3941117829779399,-0.3952793462381479,0.9154324272853894,0.883002728052072,-0.26193514284925457,-0.9651974285723364,775483
0.39753178512660475,-0.2216878779250911,-0.3952793462381479,0.9154324272853894,1.568164883669587,-0.4812500824383598,1.2822867324338243,1047187
-1.3413210324623663,-1.4532871997311532,-1.2187779842342894,-0.1408357580439062,-0.1447405053742001,-1.0514689253700333,-1.4658168358375123,504233
1.1564578120569993,0.3941117829779399,-0.3952793462381479,-1.549193338482967,-0.829902660991715,1.1416804705210188,-1.0191130073915027,774855
-0.6538675929504475,-0.2216878779250911,0.4282192917579936,1.6196112175049198,1.568164883669587,1.7118993134526925,0.9557881288961195,854151
1.113198088093185,0.3941117829779399,0.4282192917579936,0.5633430321756242,0.5404216502433147,-0.4812500824383598,0.07669903555935398,1050881
0.16712673358020244,1.0099114438809709,1.2517179297541352,1.6196112175049198,1.2255838058608295,0.1766947363289559,-0.5907935074608807,1011117
1.3407818532941211,1.625711104784002,2.0752165677502767,-0.1408357580439062,0.19784057243455727,1.6680363255348716,-0.05729443573549185,1028322
1.2147643965299666,0.3941117829779399,0.4282192917579936,0.9154324272853894,0.19784057243455727,0.4398726638358822,2.0100586602977826,1093143
-0.18459363082124436,0.3941117829779399,0.4282192917579936,1.2675218223951545,1.568164883669587,0.264420712164598,-0.4370015285340787,909019
0.926052760510597,1.0099114438809709,1.2517179297541352,0.5633430321756242,-0.1447405053742001,0.5275986396715243,0.9130092106199287,1025518
0.3542720611627905,1.0099114438809709,0.4282192917579936,0.5633430321756242,-0.1447405053742001,1.0100915067675558,-0.05517316706063941,880514
-0.681140027623287,-0.8374875388281221,-1.2187779842342894,-1.549193338482967,-0.829902660991715,-0.13034617909579144,0.30738700394955687,535715
-1.3874020427716467,-1.4532871997311532,-1.2187779842342894,-0.4929251531536714,-1.1724837388004723,1.0100915067675558,-1.5138989258008344,339251
0.30160804938075564,1.0099114438809709,0.4282192917579936,-1.1971039433732018,-1.5150648166092298,-1.490098804548244,0.693457902772701,793797
0.2094460287621947,-0.2216878779250911,-0.3952793462381479,-1.1971039433732018,-1.1724837388004723,-0.8321539857809281,0.5059023974378312,710641
1.2345134009482295,1.0099114438809709,0.4282192917579936,-1.1971039433732018,-0.829902660991715,0.0012427846576717127,0.7220950298832091,931575
-0.17142762787573565,-0.8374875388281221,-1.2187779842342894,-0.4929251531536714,-0.4873215831829575,1.4487213859457662,0.9842484836170564,618066
-1.1767459956435073,-0.8374875388281221,-0.3952793462381479,-1.549193338482967,-1.5150648166092298,-1.3585098407947807,0.9041705911413769,496000
-1.2153035756982116,-0.8374875388281221,-0.3952793462381479,-0.4929251531536714,0.19784057243455727,0.7030505913428085,-0.7875411770534445,491197
-0.21656820940319407,0.3941117829779399,0.4282192917579936,-1.1971039433732018,-1.1724837388004723,-1.490098804548244,1.0805894359332715,714272
-0.4093561096767144,-0.2216878779250911,0.4282192917579936,-0.1408357580439062,-0.1447405053742001,0.39600967591806113,-1.1921731767815476,680215
-0.4074752521130703,0.3941117829779399,-0.3952793462381479,-0.8450145482634366,-1.1724837388004723,0.4837356517537032,-0.9491111411213721,556476
-1.6695306773182619,-1.4532871997311532,-1.2187779842342894,0.9154324272853894,0.19784057243455727,-0.34966111868489663,-2.1352538751430283,494278
-1.5284663600449542,-0.8374875388281221,-0.3952793462381479,-0.4929251531536714,0.19784057243455727,-1.75327673205517,-0.6321582466205032,552582
1.335139280603189,0.3941117829779399,0.4282192917579936,-1.549193338482967,-1.5150648166092298,0.5275986396715243,1.709368825637449,872864
1.2269899706936531,1.625711104784002,1.2517179297541352,-1.549193338482967,-1.5150648166092298,0.8346395550962716,-0.9641367942349102,853907
0.6382815532730497,-0.2216878779250911,0.4282192917579936,1.6196112175049198,1.568164883669587,-0.3057981307670756,1.097029268163378,1131179
-0.35951338424014573,0.3941117829779399,0.4282192917579936,-0.8450145482634366,-1.5150648166092298,-1.621687768301707,0.9651570655433845,718485
-1.674232821227372,-1.4532871997311532,-1.2187779842342894,1.2675218223951545,0.883002728052072,-1.0514689253700333,-0.7567827812680841,621217
0.3025484781625777,1.0099114438809709,1.2517179297541352,0.5633430321756242,0.5404216502433147,-1.621687768301707,-1.4005878240857998,996781
0.005372983106809798,-0.8374875388281221,-1.2187779842342894,-1.1971039433732018,-1.5150648166092298,0.0889687604933138,1.1396314140499977,622197
1.018214781129158,1.0099114438809709,1.2517179297541352,1.2675218223951545,1.568164883669587,-1.621687768301707,-0.03431402509125708,1232068
0.03828799047058156,-0.2216878779250911,0.4282192917579936,1.6196112175049198,0.883002728052072,-1.75327673205517,1.434310987464916,1075800
-0.9416388001879948,-1.4532871997311532,-1.2187779842342894,-1.1971039433732018,-0.829902660991715,1.317132422192303,0.5451458679226012,405977
-1.449470342371902,-0.8374875388281221,-1.2187779842342894,-0.8450145482634366,-0.4873215831829575,0.39600967591806113,-0.9802230816858746,359817
0.9316953332015293,0.3941117829779399,0.4282192917579936,1.6196112175049198,1.568164883669587,1.4048583980279452,-0.4948060999238077,1078926
1.2749518385665777,1.625711104784002,1.2517179297541352,-1.1971039433732018,-1.5150648166092298,0.8785025430140926,1.2101635974888414,889462
-0.8673449264240529,-0.8374875388281221,-0.3952793462381479,-0.8450145482634366,-1.5150648166092298,-0.26193514284925457,-1.1734353034870177,465935
-0.16390419762115926,0.3941117829779399,0.4282192917579936,0.21125363706585898,0.883002728052072,-1.4462358166304228,0.5226957744470796,906035
-1.615926236754405,-1.4532871997311532,-1.2187779842342894,1.2675218223951545,0.883002728052072,-0.744428009945286,0.7899756274784872,639145
-0.25888750458518633,0.3941117829779399,0.4282192917579936,1.2675218223951545,0.883002728052072,-0.21807215493143353,0.47231564341933413,915621
0.9119463287832663,1.625711104784002,2.0752165677502767,0.5633430321756242,1.2255838058608295,0.39600967591806113,1.2094565079305573,1124320
-1.393044615462579,-0.8374875388281221,-0.3952793462381479,-0.8450145482634366,-0.1447405053742001,0.0889687604933138,-1.8582515406852138,427247
-0.5438374254772675,-0.8374875388281221,-0.3952793462381479,-0.4929251531536714,-0.1447405053742001,-0.612839046191823,-0.3417212105552899,626818
-0.999945384660962,-1.4532871997311532,-1.2187779842342894,0.21125363706585898,0.883002728052072,-0.3935241066027177,-1.695267397500718,552691
-0.3303600920036622,-0.2216878779250911,-0.3952793462381479,-0.1408357580439062,-0.1447405053742001,1.6241733376170504,0.6727755331928897,665904
0.03828799047058156,-0.2216878779250911,0.4282192917579936,-1.1971039433732018,-1.5150648166092298,-1.0076059374522124,1.487519476725798,739585
-0.4356881155677318,-0.8374875388281221,-1.2187779842342894,0.21125363706585898,0.883002728052072,-0.5689760582740019,0.37986368367368195,755127
-0.6773783124959988,-0.8374875388281221,-0.3952793462381479,-0.8450145482634366,-0.829902660991715,-0.5251130703561808,-1.276670378996503,519553
-0.6209525855866757,-1.4532871997311532,-1.2187779842342894,0.9154324272853894,0.883002728052072,-1.0953319132878545,-0.41702624851255155,756369
-1.3902233291171129,-0.8374875388281221,-0.3952793462381479,-1.1971039433732018,-1.1724837388004723,0.264420712164598,0.751085701772859,420254
-1.1654608502616428,-0.8374875388281221,-0.3952793462381479,-1.549193338482967,-1.5150648166092298,0.7907765671784506,-1.8103462231114629,320434
1.152696096929711,1.0099114438809709,1.2517179297541352,1.2675218223951545,1.568164883669587,-0.43738709452053876,1.0388711519945069,1227451
0.8056778764373747,0.3941117829779399,-0.3952793462381479,-0.8450145482634366,-0.829902660991715,-1.621687768301707,-0.722665710080874,864035
-1.334738030989612,-1.4532871997311532,-1.2187779842342894,-1.549193338482967,-1.1724837388004723,-0.17420916701361247,0.5767881256558168,346523
-0.869225783987697,-0.8374875388281221,-1.2187779842342894,0.5633430321756242,0.883002728052072,-1.0514689253700333,-1.458922712644242,660860
-1.3253337431713914,-0.8374875388281221,-1.2187779842342894,1.6196112175049198,1.568164883669587,-0.08648319117797038,-0.1219931303184913,691756
1.4743227403128525,1.625711104784002,2.0752165677502767,-0.1408357580439062,-0.4873215831829575,0.308283700082419,-0.4028844573468686,1081665
-0.7836467648418904,-0.2216878779250911,0.4282192917579936,-0.1408357580439062,-0.1447405053742001,0.22055772424677694,-0.037319155713964706,655310
0.8639844609103418,0.3941117829779399,0.4282192917579936,-1.549193338482967,-1.5150648166092298,0.308283700082419,-0.6254408958168038,745571
-0.1742489142212018,-0.2216878779250911,0.4282192917579936,1.2675218223951545,1.2255838058608295,-0.08648319117797038,1.1862993248967515,925180
0.1943991682530419,1.0099114438809709,1.2517179297541352,0.5633430321756242,0.19784057243455727,-1.621687768301707,0.9969760956661711,1019047
0.37496149436287557,-0.2216878779250911,-0.3952793462381479,0.9154324272853894,0.19784057243455727,-0.4812500824383598,-0.534226342798149,930173
1.464918452494632,1.625711104784002,2.0752165677502767,1.2675218223951545,0.5404216502433147,-0.4812500824383598,0.16561554751358545,1256592
-1.2378738664619406,-1.4532871997311532,-1.2187779842342894,0.21125363706585898,0.5404216502433147,-0.8321539857809281,0.9308632219666033,620037
0.570570680981862,0.3941117829779399,-0.3952793462381479,-0.1408357580439062,0.19784057243455727,1.4925843738635873,-0.23919322460408862,830895
-0.07456346334806448,-0.8374875388281221,-1.2187779842342894,0.21125363706585898,-0.1447405053742001,1.097817482603198,-0.9657277457410495,675563
1.3878032923852237,0.3941117829779399,0.4282192917579936,-1.1971039433732018,-0.4873215831829575,-1.2707838649591385,-0.3719492891719372,971406
0.18405445165299936,1.0099114438809709,0.4282192917579936,-0.4929251531536714,-1.1724837388004723,-0.21807215493143353,-0.5377617905895696,773380
-1.5547983659359716,-1.4532871997311532,-1.2187779842342894,-0.8450145482634366,-0.4873215831829575,-1.0076059374522124,0.6614621002603435,445079
1.3821607196942916,1.0099114438809709,0.4282192917579936,0.5633430321756242,-0.1447405053742001,0.5275986396715243,0.9789453119299254,1078415
-1.016873102733759,-0.8374875388281221,-1.2187779842342894,1.2675218223951545,0.883002728052072,1.317132422192303,0.9814201253839199,682747
1.6943830752592122,1.625711104784002,2.0752165677502767,-0.1408357580439062,-0.4873215831829575,-1.75327673205517,1.4238814164802247,1226747
0.42574464858126626,0.3941117829779399,-0.3952793462381479,0.21125363706585898,0.883002728052072,0.7469135792606295,-0.7071097397986228,860493
0.9852997737653862,1.0099114438809709,0.4282192917579936,1.6196112175049198,1.568164883669587,-1.533961792466065,0.64042618590139,1224692
-0.8645236400785867,-0.8374875388281221,-1.2187779842342894,-1.1971039433732018,-1.5150648166092298,1.2732694342744821,0.5435549164164619,422145
-0.3519899539855693,-0.8374875388281221,-1.2187779842342894,-0.8450145482634366,-0.4873215831829575,0.13283174841113485,-0.972975413713462,586626
-1.3413210324623663,-1.4532871997311532,-1.2187779842342894,-0.8450145482634366,-1.5150648166092298,1.360995410110124,-0.4612193459053107,326716
1.1179002320022953,1.0099114438809709,0.4282192917579936,1.2675218223951545,1.2255838058608295,-0.744428009945286,-0.5497823130804002,1152291
-0.999945384660962,-0.2216878779250911,0.4282192917579936,0.5633430321756242,1.2255838058608295,-0.9637429495343913,-0.058708614852060144,764831
-1.147592703407024,-1.4532871997311532,-1.2187779842342894,0.9154324272853894,0.883002728052072,-1.0076059374522124,-1.8875957573540059,627505
1.6069231985497614,1.625711104784002,1.2517179297541352,1.6196112175049198,1.568164883669587,-0.4812500824383598,0.5009527705298421,1301150
-1.2529207269710936,-1.4532871997311532,-1.2187779842342894,1.2675218223951545,1.568164883669587,0.04510577257549276,0.03268271055616583,693211
-0.6237738719321418,-0.8374875388281221,-0.3952793462381479,0.21125363706585898,0.19784057243455727,-0.34966111868489663,0.6335320627081196,719716
1.167742957438864,0.3941117829779399,0.4282192917579936,-0.4929251531536714,-0.1447405053742001,1.4487213859457662,1.3800418638666077,944212
1.6031614834224732,1.625711104784002,1.2517179297541352,-1.549193338482967,-1.5150648166092298,-1.2707838649591385,1.5025451298393362,1040820
-1.7513479813367803,-1.4532871997311532,-1.2187779842342894,0.9154324272853894,1.2255838058608295,-0.612839046191823,0.12601853224967322,606594
1.2834156976029762,1.0099114438809709,0.4282192917579936,0.5633430321756242,1.2255838058608295,-0.08648319117797038,-0.08434061133986047,1135481
-0.5974418660411245,-0.8374875388281221,-0.3952793462381479,-1.1971039433732018,-1.5150648166092298,-1.4023728287126018,-1.5545565754021728,504160
0.30725062207168796,-0.2216878779250911,-0.3952793462381479,0.9154324272853894,0.19784057243455727,-0.8760169736987492,-0.04332941695937995,913724
0.6072474034729219,-0.2216878779250911,-0.3952793462381479,-0.1408357580439062,-0.1447405053742001,1.5364473617814083,1.2255427953815217,853960
-0.7610764740781613,-1.4532871997311532,-1.2187779842342894,0.5633430321756242,1.2255838058608295,-0.5251130703561808,1.280695780927685,722851
1.4724418827492083,1.625711104784002,2.0752165677502767,-0.4929251531536714,-0.829902660991715,-0.34966111868489663,0.2819317798513276,1060777
0.645804983527626,0.3941117829779399,-0.3952793462381479,-0.1408357580439062,0.19784057243455727,0.9223655309319136,1.6577512878827063,913172
0.251765323944187,1.0099114438809709,1.2517179297541352,0.9154324272853894,0.5404216502433147,-1.1391949012056755,0.5640605136067022,1002033
-0.10371675558454804,-0.8374875388281221,-0.3952793462381479,-1.549193338482967,-0.829902660991715,-1.7094137441373491,0.6672955891161876,677525
-0.7695403331145596,-0.8374875388281221,-0.3952793462381479,-1.549193338482967,-0.829902660991715,0.4837356517537032,-1.6917319497092973,440401
0.4219829334539781,0.3941117829779399,-0.3952793462381479,-0.4929251531536714,-0.829902660991715,0.13283174841113485,1.1237218989886044,790486
1.449871591985479,1.0099114438809709,0.4282192917579936,-0.8450145482634366,-0.4873215831829575,0.5714616275893453,0.04452646065742529,981067
0.626055979109363,1.0099114438809709,1.2517179297541352,1.6196112175049198,1.2255838058608295,-1.0076059374522124,1.044704640850351,1161937
-1.4833257785174958,-1.4532871997311532,-1.2187779842342894,-1.1971039433732018,-0.4873215831829575,-1.665550756219528,-1.1658340907354632,414231
-1.5971176611179638,-0.8374875388281221,-0.3952793462381479,-0.8450145482634366,-0.1447405053742001,-1.490098804548244,-1.1863396879257033,454626
-1.1964950000617705,-0.8374875388281221,-1.2187779842342894,-1.549193338482967,-1.5150648166092298,0.0889687604933138,0.7924504409324816,392792
1.2147643965299666,1.625711104784002,1.2517179297541352,-1.549193338482967,-1.5150648166092298,-0.13034617909579144,-0.7246102063661555,841687
-1.10903512335232,-0.8374875388281221,-0.3952793462381479,0.21125363706585898,-0.4873215831829575,-0.17420916701361247,1.0505381297061953,630907
-0.8334894902784591,-1.4532871997311532,-1.2187779842342894,-0.1408357580439062,0.5404216502433147,0.7469135792606295,0.007934576016220694,584848
-0.6952464593506177,-1.4532871997311532,-1.2187779842342894,0.9154324272853894,0.883002728052072,-0.34966111868489663,0.018540919390482895,754122
-1.5877133732997435,-1.4532871997311532,-1.2187779842342894,-1.1971039433732018,-1.5150648166092298,0.7907765671784506,-0.6385220526450606,256013
0.3965913563447827,1.0099114438809709,1.2517179297541352,-0.4929251531536714,-0.1447405053742001,-1.3146468528769597,-0.0030253121371835823,908631
-0.8447746356603237,-0.8374875388281221,-0.3952793462381479,0.9154324272853894,0.5404216502433147,1.18554345843884,-0.32404397159818626,666912
1.0313807840746667,0.3941117829779399,-0.3952793462381479,0.21125363706585898,0.5404216502433147,1.18554345843884,1.7608095910026207,1002895
0.12010529448909994,-0.2216878779250911,0.4282192917579936,-1.549193338482967,-1.5150648166092298,-0.8321539857809281,1.1398081864395688,708076
-0.6529271641686254,-0.8374875388281221,-1.2187779842342894,-0.4929251531536714,-1.1724837388004723,1.097817482603198,-1.4041232718772205,468911
1.3624117152760284,0.3941117829779399,0.4282192917579936,-1.549193338482967,-1.5150648166092298,0.13283174841113485,-0.2925784862545417,869540
1.4254204436581057,1.0099114438809709,1.2517179297541352,-1.1971039433732018,-1.5150648166092298,-1.533961792466065,0.933868352589311,1000047
-1.6469603865545326,-1.4532871997311532,-1.2187779842342894,-0.1408357580439062,-0.4873215831829575,0.04510577257549276,-2.0963639494374005,326427
0.1755905926166009,0.3941117829779399,-0.3952793462381479,0.9154324272853894,1.2255838058608295,-0.7005650220274651,0.8437144339080823,985313
-0.05857617405708962,-0.2216878779250911,-0.3952793462381479,0.9154324272853894,0.883002728052072,0.7030505913428085,-0.018758054809005848,863226
-0.11312104340276855,-0.2216878779250911,-0.3952793462381479,-0.8450145482634366,-1.1724837388004723,0.6153246155071663,-0.6189003174026755,592780
0.6909455650550844,1.0099114438809709,1.2517179297541352,-0.4929251531536714,-0.829902660991715,-1.0953319132878545,-0.15805469779098277,901613
-1.2312908649891863,-1.4532871997311532,-1.2187779842342894,1.6196112175049198,0.883002728052072,-1.1830578891234966,0.2062731971149239,715514
-0.5005777015134533,0.3941117829779399,0.4282192917579936,0.21125363706585898,-0.4873215831829575,-0.08648319117797038,-0.6855435082709563,690797
0.015717699706852353,-0.8374875388281221,-1.2187779842342894,1.6196112175049198,1.568164883669587,-0.5689760582740019,-0.18739891445977488,932693
0.8037970188737306,1.625711104784002,2.0752165677502767,-0.8450145482634366,-0.829902660991715,0.4398726638358822,1.655630019207854,956854
-1.1786268532071515,-0.8374875388281221,-0.3952793462381479,-1.1971039433732018,-0.4873215831829575,0.35214668800024007,0.5469135918183117,491549
1.392505436294334,0.3941117829779399,0.4282192917579936,0.21125363706585898,-0.4873215831829575,-1.4023728287126018,0.4470371917106759,1049566
0.961789054219835,0.3941117829779399,0.4282192917579936,-0.1408357580439062,0.5404216502433147,0.7469135792606295,-0.49074033496367386,931528
-0.18083191569395615,0.3941117829779399,0.4282192917579936,1.6196112175049198,1.568164883669587,0.1766947363289559,1.3772135056334711,1001830
1.0633553626566163,1.625711104784002,2.0752165677502767,-0.1408357580439062,0.5404216502433147,-0.8321539857809281,1.2112242318262676,1128585
-1.6215688094453373,-1.4532871997311532,-1.2187779842342894,1.6196112175049198,1.2255838058608295,-0.3935241066027177,-0.6468303549548993,658239
0.6194729776366087,1.0099114438809709,1.2517179297541352,-0.1408357580439062,0.5404216502433147,1.229406446356661,-0.4808410811476958,871224
-0.4413306882586641,0.3941117829779399,-0.3952793462381479,1.6196112175049198,1.568164883669587,1.229406446356661,1.2122848661636938,856239
-1.0290986768974455,-0.2216878779250911,-0.3952793462381479,-0.1408357580439062,0.19784057243455727,0.04510577257549276,-0.48066430875812477,624873
1.2194665404390768,1.0099114438809709,1.2517179297541352,-0.8450145482634366,-1.1724837388004723,0.5275986396715243,1.4617107078484266,962331
1.4912504583856492,1.625711104784002,1.2517179297541352,0.5633430321756242,1.2255838058608295,0.7907765671784506,0.7742428848066648,1177364
-1.5359897902995308,-0.8374875388281221,-0.3952793462381479,0.21125363706585898,0.5404216502433147,1.4487213859457662,0.9025796396352375,531788
1.2871774127302644,1.625711104784002,1.2517179297541352,-0.4929251531536714,-0.1447405053742001,-0.08648319117797038,-0.7334488258447073,1009388
1.1583386696206435,1.0099114438809709,1.2517179297541352,-1.1971039433732018,-1.5150648166092298,-1.1391949012056755,1.8269224647021884,959677
-0.3557516691128575,-0.2216878779250911,-0.3952793462381479,1.2675218223951545,1.568164883669587,1.317132422192303,1.3780973675813262,872541
-0.16296376883933722,-0.8374875388281221,-0.3952793462381479,-1.549193338482967,-1.1724837388004723,-0.5251130703561808,-1.040325694140027,566082
0.8724483199467402,0.3941117829779399,0.4282192917579936,-0.4929251531536714,-0.1447405053742001,-1.665550756219528,0.6358301037725431,1012552
-1.261384586007492,-1.4532871997311532,-1.2187779842342894,-1.549193338482967,-1.5150648166092298,-1.3585098407947807,0.500422453361129,422091
0.0110155557977421,0.3941117829779399,0.4282192917579936,0.21125363706585898,0.5404216502433147,-0.5251130703561808,-0.3753079645737869,883409
-0.03506545451153836,0.3941117829779399,-0.3952793462381479,-0.4929251531536714,-1.1724837388004723,1.6680363255348716,1.5774966230174556,665051
-0.9012003625696468,-0.2216878779250911,0.4282192917579936,-0.1408357580439062,0.5404216502433147,-0.26193514284925457,-1.7283238343505019,619342
0.5423578175272005,1.0099114438809709,0.4282192917579936,-0.1408357580439062,0.5404216502433147,-1.533961792466065,-1.0477501345020106,951183
-1.2736101601711787,-1.4532871997311532,-1.2187779842342894,1.2675218223951545,1.568164883669587,-1.2707838649591385,0.1327358830533726,698473
0.9373379058924617,1.0099114438809709,0.4282192917579936,-1.549193338482967,-1.5150648166092298,-0.13034617909579144,-0.7067561950194807,799922
-0.3284792344400181,0.3941117829779399,0.4282192917579936,-1.1971039433732018,-0.4873215831829575,1.5803103496992295,0.08235575202562714,608748
1.0078700645291154,0.3941117829779399,-0.3952793462381479,0.21125363706585898,0.5404216502433147,-0.9637429495343913,1.6817923328643674,1063997
-1.7334798344821611,-0.8374875388281221,-1.2187779842342894,-0.1408357580439062,-0.4873215831829575,1.1416804705210188,-0.958656850158208,362819
-1.1231415550796506,-0.8374875388281221,-1.2187779842342894,0.5633430321756242,-0.1447405053742001,-1.4462358166304228,-0.9666116076889048,635003
-1.748526694991314,-1.4532871997311532,-1.2187779842342894,-0.8450145482634366,-0.829902660991715,-1.4462358166304228,0.6591640591959199,405498
0.46054051350868214,0.3941117829779399,0.4282192917579936,-0.8450145482634366,-0.1447405053742001,0.264420712164598,-1.2856857708646259,790682
0.6401624108366938,0.3941117829779399,-0.3952793462381479,1.6196112175049198,1.568164883669587,-1.621687768301707,-1.1633592772814685,1094099
-1.3911637578989349,-1.4532871997311532,-1.2187779842342894,-1.1971039433732018,-1.5150648166092298,0.4398726638358822,-1.8361549919888343,295689
0.7737032978554249,0.3941117829779399,0.4282192917579936,-0.8450145482634366,-1.1724837388004723,1.1416804705210188,1.5755521267321742,828451
-0.8532384946967221,-1.4532871997311532,-1.2187779842342894,1.6196112175049198,1.568164883669587,0.1766947363289559,1.2486999784153274,834902
0.026062416306894907,-0.8374875388281221,-1.2187779842342894,-1.549193338482967,-1.5150648166092298,-1.4462358166304228,1.2359723663662128,638484
0.6016048307819897,-0.2216878779250911,0.4282192917579936,-0.1408357580439062,0.5404216502433147,-1.0953319132878545,1.1693291754979318,966110
-0.6698548822414223,-1.4532871997311532,-1.2187779842342894,-0.1408357580439062,-0.1447405053742001,1.5803103496992295,-0.6542547953168828,506238
-0.7178167501143469,-1.4532871997311532,-1.2187779842342894,0.5633430321756242,0.883002728052072,1.1416804705210188,-1.4172044287054772,593148
1.4545737358945894,1.625711104784002,2.0752165677502767,-0.4929251531536714,-0.1447405053742001,-1.4023728287126018,0.7772480154293725,1150866
-0.983017666588165,-0.8374875388281221,-0.3952793462381479,-0.8450145482634366,-0.829902660991715,0.8346395550962716,-0.6459464930070441,483617
-0.05199317258433527,-0.8374875388281221,-0.3952793462381479,-1.549193338482967,-0.829902660991715,1.6241733376170504,0.7864401796870664,584027
0.8423545989284346,1.625711104784002,2.0752165677502767,0.9154324272853894,0.883002728052072,1.5803103496992295,-0.8034506921148378,1040729
0.09753500372537073,0.3941117829779399,0.4282192917579936,-0.8450145482634366,-0.1447405053742001,1.317132422192303,-0.5667524624792196,684300
-0.964209090951724,-0.2216878779250911,-0.3952793462381479,-1.1971039433732018,-1.5150648166092298,-1.1391949012056755,-0.31149313193864264,513051
-1.7193734027548304,-1.4532871997311532,-1.2187779842342894,-0.4929251531536714,-0.4873215831829575,1.317132422192303,-1.1096204708518733,303320
-1.226588721080076,-1.4532871997311532,-1.2187779842342894,-0.8450145482634366,-0.1447405053742001,0.0012427846576717127,-1.4141992980827696,402300
1.3003434156757732,1.625711104784002,2.0752165677502767,-1.549193338482967,-1.5150648166092298,-0.8321539857809281,1.516510148615448,977352
-0.6867826003142192,-0.8374875388281221,-0.3952793462381479,-0.8450145482634366,-0.829902660991715,-0.744428009945286,-0.7094077808630462,528560
0.29972719181711155,0.3941117829779399,-0.3952793462381479,-1.1971039433732018,-0.4873215831829575,0.13283174841113485,0.1894798201056754,711124
0.45395751203592777,0.3941117829779399,0.4282192917579936,0.9154324272853894,1.568164883669587,-1.75327673205517,0.6110819692325979,1121159
0.6947072801823727,1.0099114438809709,0.4282192917579936,0.21125363706585898,-0.4873215831829575,-1.3585098407947807,-0.4493755958040513,939272
1.4432885905127246,1.0099114438809709,1.2517179297541352,1.2675218223951545,1.2255838058608295,1.7118993134526925,-0.9648438837931943,1114772
0.44549365299952937,1.0099114438809709,1.2517179297541352,0.9154324272853894,1.2255838058608295,1.360995410110124,0.9186659270862019,1014797
-0.15355948102111672,0.3941117829779399,-0.3952793462381479,1.6196112175049198,1.568164883669587,0.6591876034249874,-0.900498733989337,902573
-1.1259628414251168,-1.4532871997311532,-1.2187779842342894,-0.8450145482634366,-0.829902660991715,0.39600967591806113,0.9096505352180789,457295
-0.9792559514608769,-1.4532871997311532,-1.2187779842342894,-0.1408357580439062,0.5404216502433147,-1.2707838649591385,0.5873944690300791,612049
-0.7535530438235848,-1.4532871997311532,-1.2187779842342894,0.5633430321756242,0.5404216502433147,0.8346395550962716,-0.8950187899126348,626897
1.1019129427113206,1.0099114438809709,1.2517179297541352,-0.1408357580439062,-0.1447405053742001,-0.656702034109644,1.4788576296368172,1061619
0.5762132536727943,-0.2216878779250911,-0.3952793462381479,0.9154324272853894,1.2255838058608295,1.6241733376170504,-0.25262792621148744,940746
0.7351457178007208,1.0099114438809709,0.4282192917579936,-0.1408357580439062,0.5404216502433147,0.0012427846576717127,-0.2878056317361237,937622
1.0925086548931,0.3941117829779399,-0.3952793462381479,-1.549193338482967,-1.5150648166092298,-0.21807215493143353,-0.014869062238443042,809252
0.40693607294482526,1.0099114438809709,0.4282192917579936,-0.1408357580439062,-0.4873215831829575,-0.7882909978631071,1.2246589334336664,939166
1.1715046725661522,1.0099114438809709,0.4282192917579936,-0.4929251531536714,-1.1724837388004723,0.0889687604933138,1.1373333729855744,947200
-0.26641093483976275,0.3941117829779399,-0.3952793462381479,0.21125363706585898,0.5404216502433147,-1.533961792466065,0.69328113038313,871001
1.1028533714931426,1.625711104784002,2.0752165677502767,-0.8450145482634366,-0.829902660991715,1.229406446356661,1.391532069188725,936516
1.7047277918592547,1.0099114438809709,1.2517179297541352,-0.1408357580439062,-0.4873215831829575,0.0889687604933138,-0.5729394961142059,1069835
-1.7626331267186448,-1.4532871997311532,-1.2187779842342894,-1.1971039433732018,-1.1724837388004723,-0.7005650220274651,-1.3017720583155903,312548
-0.7074720335143043,-0.2216878779250911,0.4282192917579936,0.21125363706585898,0.19784057243455727,-1.0076059374522124,0.02313700151932985,748267
-0.6200121568048537,-1.4532871997311532,-1.2187779842342894,0.21125363706585898,0.883002728052072,0.9223655309319136,-1.7557235547340126,634218
-1.039443393497488,-0.8374875388281221,-1.2187779842342894,-0.1408357580439062,0.5404216502433147,-1.2269208770413176,1.1923095861421666,671725
-0.9425792289698169,-0.8374875388281221,-0.3952793462381479,0.21125363706585898,0.883002728052072,0.0889687604933138,-0.8494115134033073,630330
-0.8344299190602811,-1.4532871997311532,-1.2187779842342894,0.5633430321756242,0.19784057243455727,1.6241733376170504,-0.5808942536449025,610768
0.9900019176744965,1.0099114438809709,0.4282192917579936,-0.1408357580439062,-0.1447405053742001,-0.5689760582740019,-0.8455225208327446,986175
1.4508120207673012,1.0099114438809709,1.2517179297541352,-1.549193338482967,-1.5150648166092298,-1.0076059374522124,-0.22045535130955873,903806
-1.7231351178821186,-0.8374875388281221,-1.2187779842342894,0.9154324272853894,1.2255838058608295,0.7907765671784506,-0.42091524108311434,532667
0.9740146283835216,1.625711104784002,1.2517179297541352,-0.4929251531536714,0.19784057243455727,0.8346395550962716,-1.1916428596128343,910757
0.9326357619833514,1.0099114438809709,0.4282192917579936,1.2675218223951545,1.568164883669587,0.9662285188497347,-1.102726347658603,1077429
1.038904214329243,0.3941117829779399,-0.3952793462381479,1.6196112175049198,1.568164883669587,0.7030505913428085,1.6149723696065155,1169132
0.775584155419069,0.3941117829779399,-0.3952793462381479,0.21125363706585898,0.19784057243455727,0.4398726638358822,0.9404089310034394,956936
-1.5143599283176234,-1.4532871997311532,-1.2187779842342894,-1.549193338482967,-1.5150648166092298,0.6591876034249874,-1.5734712210862738,215181
-1.4193766213535963,-0.8374875388281221,-1.2187779842342894,-0.8450145482634366,-1.1724837388004723,-0.612839046191823,-0.6873112321666667,393773
-1.169222565388931,-0.8374875388281221,-1.2187779842342894,-0.8450145482634366,-0.1447405053742001,-0.3935241066027177,-0.49639705142994706,483905
-0.7046507471688381,-0.2216878779250911,0.4282192917579936,1.6196112175049198,1.568164883669587,-1.4023728287126018,-1.3834409022974092,847326
-0.1742489142212018,-0.8374875388281221,-0.3952793462381479,-0.4929251531536714,-1.1724837388004723,1.18554345843884,0.4852200278580198,605532
-0.18459363082124436,0.3941117829779399,0.4282192917579936,0.21125363706585898,0.5404216502433147,0.22055772424677694,1.4427960621643257,872391
-1.1494735609706679,-0.8374875388281221,-1.2187779842342894,0.5633430321756242,0.5404216502433147,1.1416804705210188,-0.6219054480253832,539933
-1.654483816809109,-1.4532871997311532,-1.2187779842342894,1.6196112175049198,1.568164883669587,-0.656702034109644,-0.14656449246886538,684468
-0.9858389529336312,-0.8374875388281221,-0.3952793462381479,-0.4929251531536714,-0.829902660991715,-1.4462358166304228,-0.5038214917919306,582552
-0.06421874674802193,-0.2216878779250911,0.4282192917579936,0.21125363706585898,0.5404216502433147,-1.533961792466065,0.48769484131201435,884868
1.689680931350102,1.625711104784002,2.0752165677502767,-1.549193338482967,-0.829902660991715,1.7118993134526925,1.511914066486601,977216
-0.7497913286962966,-0.8374875388281221,-1.2187779842342894,0.9154324272853894,0.883002728052072,-0.744428009945286,1.1254896228843148,793397
0.09001157347079433,0.3941117829779399,0.4282192917579936,0.5633430321756242,1.2255838058608295,0.308283700082419,0.899928053791672,920673
-0.4789478395315461,-0.8374875388281221,-0.3952793462381479,1.2675218223951545,1.2255838058608295,0.1766947363289559,-0.08221934266500804,807390
-1.0704775432976157,-0.2216878779250911,-0.3952793462381479,-0.8450145482634366,-0.1447405053742001,-1.2269208770413176,-1.0097440707442376,550516
1.5674251897132354,1.0099114438809709,1.2517179297541352,-1.1971039433732018,-0.829902660991715,1.229406446356661,1.0022792673533023,927581
-1.6573051031545751,-0.8374875388281221,-1.2187779842342894,-1.549193338482967,-1.5150648166092298,-0.7005650220274651,-0.8939581555752086,275800
-0.02378030912967376,-0.2216878779250911,-0.3952793462381479,-0.8450145482634366,-0.4873215831829575,-0.9198799616165703,-0.3956367893744561,704960
0.9025420409650458,1.625711104784002,1.2517179297541352,-0.1408357580439062,-0.829902660991715,1.097817482603198,-0.3252813783251835,917570
-0.6849017427505751,-0.2216878779250911,0.4282192917579936,-1.1971039433732018,-1.5150648166092298,1.4487213859457662,0.9930871030956083,500501
1.4912504583856492,1.0099114438809709,1.2517179297541352,-0.8450145482634366,-0.4873215831829575,0.1766947363289559,1.935460711898805,1046815
0.04957313585244616,-0.2216878779250911,-0.3952793462381479,-0.4929251531536714,-1.1724837388004723,0.264420712164598,0.7387116345028865,683778
-0.8146809146420181,-0.2216878779250911,0.4282192917579936,0.5633430321756242,0.5404216502433147,0.9662285188497347,0.05283476296726402,710717
-0.20152134889404127,-0.2216878779250911,0.4282192917579936,-0.8450145482634366,-0.829902660991715,1.5364473617814083,0.250289522118112,623916
-0.7497913286962966,-0.2216878779250911,0.4282192917579936,1.2675218223951545,1.568164883669587,1.5803103496992295,-1.2317701920454598,749373
-1.1711034229525752,-0.2216878779250911,0.4282192917579936,0.9154324272853894,0.5404216502433147,0.6153246155071663,-1.3848550814139775,643538
-1.2848953055530432,-1.4532871997311532,-1.2187779842342894,-0.4929251531536714,-0.4873215831829575,1.4925843738635873,0.8612149004756149,437766
0.9128867575650883,1.625711104784002,2.0752165677502767,-1.549193338482967,-1.5150648166092298,-0.9637429495343913,-1.0668415525756825,844353
-0.7140550349870587,-0.8374875388281221,-1.2187779842342894,-1.549193338482967,-1.5150648166092298,-0.26193514284925457,0.5912834616006418,491954
-0.6933656017869736,-0.2216878779250911,-0.3952793462381479,-1.549193338482967,-0.829902660991715,0.5275986396715243,-1.7178942633658107,453348
-1.2406951528074068,-1.4532871997311532,-1.2187779842342894,-1.549193338482967,-1.1724837388004723,-0.656702034109644,-0.5423578727184166,369959
1.6868596450046358,1.625711104784002,1.2517179297541352,0.9154324272853894,1.568164883669587,-1.1830578891234966,1.7314653743338286,1351580
-1.3084060250985945,-0.8374875388281221,-0.3952793462381479,-0.8450145482634366,-1.5150648166092298,0.1766947363289559,-0.3569236360583991,407940
1.3445435684214095,1.625711104784002,2.0752165677502767,0.21125363706585898,0.19784057243455727,0.13283174841113485,-0.520438096411608,1095778
-0.9237706533333759,-1.4532871997311532,-1.2187779842342894,-0.8450145482634366,-1.5150648166092298,1.0539544946853767,0.3296603250355075,430851
1.3774585757851812,1.0099114438809709,0.4282192917579936,-0.1408357580439062,-0.829902660991715,0.4398726638358822,0.9824807597213461,996637
-0.626595158277608,-0.2216878779250911,-0.3952793462381479,0.5633430321756242,0.19784057243455727,0.0889687604933138,0.8012890604110334,729958
-1.1052734082250315,-1.4532871997311532,-1.2187779842342894,-1.1971039433732018,-1.1724837388004723,-0.7882909978631071,-1.3940472456716715,407843
-0.38396453256751906,0.3941117829779399,0.4282192917579936,0.21125363706585898,-0.4873215831829575,0.6591876034249874,-1.5736479934758447,672746
-1.2209461483891437,-1.4532871997311532,-1.2187779842342894,0.21125363706585898,0.5404216502433147,-0.9637429495343913,-1.8319124546391294,564190
0.9016016121832238,1.625711104784002,2.0752165677502767,-0.8450145482634366,-1.5150648166092298,1.5364473617814083,1.0501845849270532,880323
0.9683720556925893,1.625711104784002,1.2517179297541352,0.21125363706585898,0.5404216502433147,0.6153246155071663,-0.17095908222966846,1018510
0.39094878365385044,1.0099114438809709,0.4282192917579936,1.6196112175049198,1.2255838058608295,0.8346395550962716,0.9955619165496028,1063821
1.1931345345480593,1.625711104784002,1.2517179297541352,1.6196112175049198,0.883002728052072,0.7907765671784506,-1.0675486421339666,1164247
-1.6225092382271593,-1.4532871997311532,-1.2187779842342894,-0.1408357580439062,0.5404216502433147,-0.34966111868489663,-1.690671315371871,450269
-0.18741491716671052,-0.8374875388281221,-1.2187779842342894,-1.1971039433732018,-1.5150648166092298,-0.9637429495343913,-0.9717380069864647,573783
1.5307484672221754,1.625711104784002,2.0752165677502767,1.2675218223951545,1.568164883669587,-0.5689760582740019,1.2006178884520053,1333218
-0.8297277751511709,-1.4532871997311532,-1.2187779842342894,0.9154324272853894,0.5404216502433147,0.4837356517537032,-0.43099126728866344,667040
1.2025388223662798,0.3941117829779399,0.4282192917579936,-0.8450145482634366,-1.5150648166092298,0.35214668800024007,1.1903650898568852,887944
0.8141417354737731,1.0099114438809709,1.2517179297541352,0.9154324272853894,0.883002728052072,-0.17420916701361247,0.9296258152396061,1115408
1.389684149948868,0.3941117829779399,-0.3952793462381479,1.2675218223951545,1.2255838058608295,-0.656702034109644,0.837527400273096,1239567
-0.5974418660411245,-1.4532871997311532,-1.2187779842342894,-0.8450145482634366,-0.4873215831829575,-0.042620203260149335,-1.3470257900457756,519368
-0.7394466120962541,-0.8374875388281221,-0.3952793462381479,-0.8450145482634366,-0.4873215831829575,1.7118993134526925,-0.16282755230940077,490819
1.1658620998752198,1.0099114438809709,1.2517179297541352,-1.1971039433732018,-1.1724837388004723,-0.13034617909579144,0.34769110877175324,902120
-0.8184426297693063,-0.8374875388281221,-1.2187779842342894,0.9154324272853894,1.2255838058608295,1.5803103496992295,0.6625227345977697,691304
0.24706318003507674,1.0099114438809709,0.4282192917579936,1.6196112175049198,1.2255838058608295,0.5714616275893453,0.6025968945331882,1042898
-0.09901461167543779,0.3941117829779399,0.4282192917579936,-1.549193338482967,-0.829902660991715,-0.8321539857809281,-1.4327603989877284,637546
-0.8664044976422308,-0.8374875388281221,-1.2187779842342894,0.9154324272853894,1.568164883669587,-1.0953319132878545,-0.13242270130318246,759012
1.110376801747719,1.0099114438809709,1.2517179297541352,0.5633430321756242,0.19784057243455727,-0.5689760582740019,0.7712377541839572,1101845
-1.3413210324623663,-1.4532871997311532,-1.2187779842342894,0.5633430321756242,1.2255838058608295,-0.26193514284925457,-0.7686265313693436,593775
-0.6124887265502773,-0.2216878779250911,-0.3952793462381479,-0.8450145482634366,-1.5150648166092298,0.8346395550962716,-1.5352883849389298,479195
1.0163339235655138,1.625711104784002,1.2517179297541352,-1.549193338482967,-1.5150648166092298,0.1766947363289559,-0.3012403333435225,837589
0.363676348981011,-0.2216878779250911,-0.3952793462381479,-0.4929251531536714,-0.1447405053742001,0.22055772424677694,-0.8396890319769004,773697
0.6044261171274559,-0.2216878779250911,-0.3952793462381479,1.2675218223951545,0.883002728052072,1.360995410110124,-1.238487542849159,958965
0.5649281082909298,0.3941117829779399,-0.3952793462381479,-0.1408357580439062,-0.1447405053742001,0.6153246155071663,-1.3358891295028004,782569
0.47934908914512314,1.0099114438809709,1.2517179297541352,-1.549193338482967,-1.1724837388004723,-0.656702034109644,-0.39687419610145336,781212
-1.2491590118438054,-0.8374875388281221,-0.3952793462381479,-0.1408357580439062,-0.1447405053742001,-0.7005650220274651,-1.2786148752817845,533244
-0.22879378356688074,0.3941117829779399,-0.3952793462381479,0.9154324272853894,1.2255838058608295,1.0539544946853767,0.12230631206868145,811476
-0.532552280095403,-0.2216878779250911,-0.3952793462381479,0.9154324272853894,1.568164883669587,-1.533961792466065,-1.2687156214658064,858592
1.3605308577123842,0.3941117829779399,-0.3952793462381479,-0.1408357580439062,-0.4873215831829575,-0.7882909978631071,-0.6846596463231012,989137
-0.11406147218459059,-0.2216878779250911,0.4282192917579936,1.2675218223951545,0.5404216502433147,1.0100915067675558,-0.9241862341918559,841342
-1.431602195517283,-1.4532871997311532,-1.2187779842342894,-1.549193338482967,-1.1724837388004723,0.0889687604933138,-0.27825992269928773,298473
0.18029273652571115,-0.2216878779250911,-0.3952793462381479,-0.4929251531536714,-0.1447405053742001,-0.7882909978631071,-0.14161486556087635,781623
-0.08772946629357319,-0.2216878779250911,0.4282192917579936,-0.8450145482634366,-0.829902660991715,-0.4812500824383598,0.5051953078795469,698787
0.6495666986549142,-0.2216878779250911,0.4282192917579936,-1.1971039433732018,-0.4873215831829575,1.5803103496992295,0.03621815834758657,771256
-0.09149118142086138,-0.8374875388281221,-1.2187779842342894,0.9154324272853894,0.883002728052072,-1.0076059374522124,1.1438739513997027,912608
1.2157048253117886,1.625711104784002,1.2517179297541352,0.5633430321756242,0.5404216502433147,1.6680363255348716,-0.20507615341687854,1044070
0.9128867575650883,0.3941117829779399,-0.3952793462381479,1.2675218223951545,1.568164883669587,-0.8760169736987492,-1.0422701904253084,1071255
1.2909391278575526,1.0099114438809709,1.2517179297541352,-1.1971039433732018,-1.5150648166092298,0.7030505913428085,-0.40748053947571555,866470
1.3313775654759008,1.0099114438809709,0.4282192917579936,-0.4929251531536714,-0.4873215831829575,-0.7882909978631071,0.8108347694478695,1046856
0.8752696062922063,0.3941117829779399,-0.3952793462381479,0.21125363706585898,0.19784057243455727,0.1766947363289559,0.654391204677502,939269
0.5743323961091502,1.0099114438809709,0.4282192917579936,-0.8450145482634366,-0.4873215831829575,0.13283174841113485,0.5251705879010741,831163
-0.23255549869416892,0.3941117829779399,0.4282192917579936,0.9154324272853894,1.568164883669587,0.264420712164598,-1.1737888482661598,847301
0.8818526077649607,0.3941117829779399,0.4282192917579936,-0.8450145482634366,-1.1724837388004723,-0.042620203260149335,1.3689052033236324,892059
-0.8118596282965519,-1.4532871997311532,-1.2187779842342894,-1.1971039433732018,-1.5150648166092298,0.4398726638358822,0.9939709650434635,451252
-0.4986968439498092,-0.2216878779250911,-0.3952793462381479,-0.8450145482634366,-1.5150648166092298,0.04510577257549276,-0.6102384703136947,544955
-1.282074019207577,-1.4532871997311532,-1.2187779842342894,0.21125363706585898,0.883002728052072,-1.490098804548244,1.1138226451726263,658809
1.1367088076387364,1.625711104784002,2.0752165677502767,-1.1971039433732018,-0.829902660991715,0.39600967591806113,1.6798478365790859,960325
0.9034824697468679,0.3941117829779399,0.4282192917579936,0.9154324272853894,1.2255838058608295,0.308283700082419,1.3648394383634985,1078734
-1.4513511999355462,-1.4532871997311532,-1.2187779842342894,-1.549193338482967,-0.829902660991715,-1.533961792466065,-0.2566936911716213,412470
-0.09055075263903933,-0.2216878779250911,0.4282192917579936,0.5633430321756242,0.883002728052072,-1.4023728287126018,-0.18792923162848799,923357
0.401293500253893,0.3941117829779399,0.4282192917579936,-1.1971039433732018,-1.5150648166092298,0.7030505913428085,-0.722488937691303,680443
-1.299942166062196,-1.4532871997311532,-1.2187779842342894,1.6196112175049198,0.883002728052072,-0.43738709452053876,1.0390479243840778,719007
-0.9247110821151979,-0.8374875388281221,-0.3952793462381479,0.21125363706585898,-0.1447405053742001,-0.8760169736987492,-1.2024259753766677,635590
0.30913147963533205,-0.2216878779250911,0.4282192917579936,-1.1971039433732018,-0.4873215831829575,-0.042620203260149335,1.1094033354333503,772714
1.5683656184950574,1.0099114438809709,0.4282192917579936,-1.1971039433732018,-1.1724837388004723,0.1766947363289559,0.774949974364949,947968
-0.9660899485153682,-1.4532871997311532,-1.2187779842342894,1.6196112175049198,1.568164883669587,1.5803103496992295,-0.9858797981521477,672790
-0.1798914869121341,-0.8374875388281221,-1.2187779842342894,0.9154324272853894,0.5404216502433147,0.35214668800024007,0.8173753478619978,831502
0.04957313585244616,-0.2216878779250911,0.4282192917579936,-1.1971039433732018,-1.5150648166092298,-0.9198799616165703,-1.059240339824128,653424
0.8075587340010187,1.625711104784002,1.2517179297541352,0.5633430321756242,0.883002728052072,-1.0514689253700333,-0.34083734860743475,1083304
0.5160258116361831,-0.2216878779250911,0.4282192917579936,-0.8450145482634366,-1.1724837388004723,-0.5689760582740019,0.3103921345722645,795970
-0.2918025119489581,0.3941117829779399,0.4282192917579936,0.9154324272853894,0.5404216502433147,0.0012427846576717127,0.9115950315033604,887263
-0.8673449264240529,-1.4532871997311532,-1.2187779842342894,0.5633430321756242,0.5404216502433147,1.097817482603198,0.5905763720423577,637083
0.8084991627828407,0.3941117829779399,0.4282192917579936,0.9154324272853894,1.2255838058608295,-0.7005650220274651,0.07669903555935398,1091597
1.523225036967599,1.625711104784002,1.2517179297541352,0.5633430321756242,0.19784057243455727,0.7469135792606295,1.1184187273014734,1144869
-0.22785335478505866,-0.2216878779250911,-0.3952793462381479,0.21125363706585898,-0.1447405053742001,0.0012427846576717127,0.26054232071323213,765756
-0.552301284513666,-1.4532871997311532,-1.2187779842342894,0.5633430321756242,0.883002728052072,-1.533961792466065,-0.9418634731489596,741371
1.6642893542409065,1.0099114438809709,1.2517179297541352,-0.1408357580439062,0.5404216502433147,1.4925843738635873,1.8742974651072264,1114973
-0.41217739602218056,-0.8374875388281221,-1.2187779842342894,0.5633430321756242,0.883002728052072,-0.13034617909579144,-1.2501545205608475,733007
-0.646344162695871,-0.2216878779250911,0.4282192917579936,-1.549193338482967,-1.5150648166092298,-1.533961792466065,0.5843893384073714,577310
-0.7638977604236273,-0.8374875388281221,-1.2187779842342894,-1.549193338482967,-0.829902660991715,0.1766947363289559,-0.7401661766484067,420785
1.6445403498226434,1.625711104784002,1.2517179297541352,1.2675218223951545,0.5404216502433147,1.4925843738635873,2.080944388515768,1228335
-1.4993130678084707,-0.8374875388281221,-1.2187779842342894,-0.1408357580439062,0.19784057243455727,-1.1830578891234966,-2.113687643615362,477025
0.5320131009271579,0.3941117829779399,0.4282192917579936,-0.1408357580439062,-0.1447405053742001,1.097817482603198,-0.003909174085038766,849099
-1.7560501252458904,-0.8374875388281221,-0.3952793462381479,-0.8450145482634366,-0.1447405053742001,-0.042620203260149335,0.38605071730866825,412543
-0.233495927475991,-0.2216878779250911,0.4282192917579936,-0.1408357580439062,0.19784057243455727,-1.665550756219528,-1.0415631008670243,779865
1.4056714392398426,0.3941117829779399,-0.3952793462381479,-0.8450145482634366,-1.1724837388004723,-0.744428009945286,1.3190553894646,946945
1.3595904289305623,1.0099114438809709,0.4282192917579936,1.2675218223951545,1.568164883669587,-0.9637429495343913,1.4984793648792023,1290150
0.6279368366730071,-0.2216878779250911,0.4282192917579936,1.2675218223951545,0.5404216502433147,-1.0076059374522124,0.0643249682893814,1070414
-1.0582519691339292,-0.2216878779250911,0.4282192917579936,0.21125363706585898,0.5404216502433147,1.0100915067675558,-1.2812664611253501,617784
0.19157788190757577,1.0099114438809709,1.2517179297541352,-1.549193338482967,-0.829902660991715,-0.26193514284925457,-0.9082767191304626,726519
0.8423545989284346,0.3941117829779399,0.4282192917579936,0.5633430321756242,1.2255838058608295,0.9223655309319136,-1.0990141274776113,987887
0.9570869103107247,1.625711104784002,2.0752165677502767,0.5633430321756242,0.883002728052072,-1.75327673205517,0.6137335550761636,1157116
-1.6826966802637706,-1.4532871997311532,-1.2187779842342894,1.6196112175049198,1.568164883669587,-0.7005650220274651,0.21705631287875712,672582
-1.037562535933844,-1.4532871997311532,-1.2187779842342894,1.6196112175049198,1.2255838058608295,0.1766947363289559,-1.8690346564490472,661378
0.7276222875461444,1.0099114438809709,1.2517179297541352,-0.4929251531536714,-0.1447405053742001,0.35214668800024007,0.6020665773644751,937471
1.0708787929111927,0.3941117829779399,-0.3952793462381479,0.9154324272853894,0.5404216502433147,-1.0953319132878545,-0.7341559154029914,1027656
-0.23819807138510124,-0.2216878779250911,-0.3952793462381479,0.21125363706585898,-0.1447405053742001,-0.9637429495343913,-0.4518504092580458,768299
1.1197810895659395,1.0099114438809709,1.2517179297541352,-0.4929251531536714,-0.4873215831829575,-0.7882909978631071,-0.5149581523349059,976003
-1.374236039826138,-0.8374875388281221,-0.3952793462381479,-0.4929251531536714,-0.1447405053742001,-0.7005650220274651,-2.0558830722256327,481611
-1.6591859607182193,-1.4532871997311532,-1.2187779842342894,-1.1971039433732018,-0.4873215831829575,-1.0953319132878545,-1.089291646051204,383444
-1.18709071224355,-1.4532871997311532,-1.2187779842342894,-1.1971039433732018,-1.5150648166092298,0.5714616275893453,0.6080768386098904,367602
1.3059859883667053,1.0099114438809709,1.2517179297541352,-0.4929251531536714,-0.4873215831829575,1.4048583980279452,-1.025830358195202,906214
-0.9905410968427415,-1.4532871997311532,-1.2187779842342894,-0.1408357580439062,0.19784057243455727,-1.75327673205517,-1.1145700977598625,597117
1.5928167668224307,1.0099114438809709,0.4282192917579936,0.9154324272853894,1.2255838058608295,0.04510577257549276,-0.8000920167129881,1199111
-0.21562778062137203,-0.2216878779250911,-0.3952793462381479,0.21125363706585898,-0.4873215831829575,-0.9637429495343913,1.0323305735803785,796887
-0.3407048086037047,0.3941117829779399,0.4282192917579936,-0.4929251531536714,-1.1724837388004723,-0.3057981307670756,-0.4392995695985022,647722
1.1921941057662373,1.0099114438809709,0.4282192917579936,0.5633430321756242,0.19784057243455727,1.7118993134526925,1.2211234856422457,1030286
-1.3789381837352483,-1.4532871997311532,-1.2187779842342894,0.9154324272853894,0.19784057243455727,0.6153246155071663,-0.9998448169282595,531994
1.4752631690946745,1.0099114438809709,0.4282192917579936,-1.1971039433732018,-1.5150648166092298,-1.0076059374522124,1.1530661156573965,979203
1.5166420354948447,1.625711104784002,1.2517179297541352,0.5633430321756242,1.2255838058608295,-0.3057981307670756,-0.5808942536449025,1178593
-1.0817626886794804,-0.2216878779250911,-0.3952793462381479,-1.1971039433732018,-1.5150648166092298,0.1766947363289559,-0.8822911778635202,410293
1.3821607196942916,1.625711104784002,2.0752165677502767,-1.1971039433732018,-1.5150648166092298,-1.533961792466065,-0.7244334339765844,965921
1.1188406607841173,0.3941117829779399,0.4282192917579936,0.9154324272853894,1.568164883669587,-0.8760169736987492,1.2730945681761305,1204762
0.8743291775103843,0.3941117829779399,-0.3952793462381479,-1.1971039433732018,-1.5150648166092298,1.2732694342744821,-0.30919509087421915,712868
-1.131605414116049,-0.2216878779250911,-0.3952793462381479,1.2675218223951545,0.883002728052072,0.308283700082419,-0.018581282419434814,704688
1.4921908871674714,1.625711104784002,1.2517179297541352,-1.549193338482967,-1.5150648166092298,-0.08648319117797038,2.0774089407243475,975546
0.012896413361386201,-0.8374875388281221,-0.3952793462381479,1.2675218223951545,1.568164883669587,-0.43738709452053876,-1.0228252275724943,882215
0.5884388278364809,-0.2216878779250911,-0.3952793462381479,-1.549193338482967,-1.5150648166092298,-1.3585098407947807,-0.6219054480253832,707993
1.0238573538200904,1.625711104784002,2.0752165677502767,1.6196112175049198,1.2255838058608295,-0.4812500824383598,1.550273675023516,1290257
0.33922520065363765,0.3941117829779399,-0.3952793462381479,1.6196112175049198,1.568164883669587,-1.0076059374522124,-0.7366307288569859,1022810
0.8536397443102992,1.625711104784002,1.2517179297541352,-1.1971039433732018,-1.5150648166092298,0.8346395550962716,-0.4741237303439964,787970
-0.7112337486415925,-0.8374875388281221,-1.2187779842342894,0.21125363706585898,-0.4873215831829575,1.4048583980279452,0.6315875664228382,569611
-0.28898122560349193,-0.2216878779250911,-0.3952793462381479,0.21125363706585898,0.5404216502433147,-1.1391949012056755,-1.2174516284902057,770290
-0.8475959220057898,-0.8374875388281221,-1.2187779842342894,-1.549193338482967,-1.5150648166092298,-1.621687768301707,0.03126853143959754,512652
-0.8184426297693063,-1.4532871997311532,-1.2187779842342894,0.5633430321756242,0.5404216502433147,0.9662285188497347,-1.3659404357298766,584009
0.24894403759872083,1.0099114438809709,1.2517179297541352,0.9154324272853894,1.568164883669587,-0.042620203260149335,-0.21055609749358067,1014431
-0.1798914869121341,0.3941117829779399,-0.3952793462381479,-1.1971039433732018,-1.5150648166092298,-1.4023728287126018,-0.09300245842884126,642923
0.7821671568918234,1.0099114438809709,1.2517179297541352,0.9154324272853894,1.568164883669587,-1.4023728287126018,-0.9335551708391209,1123605
1.3003434156757732,0.3941117829779399,-0.3952793462381479,1.2675218223951545,0.5404216502433147,-0.656702034109644,0.8444215234663665,1175405
-1.7325394057003392,-1.4532871997311532,-1.2187779842342894,0.21125363706585898,0.5404216502433147,-1.621687768301707,0.8560885011780548,568693
1.46868016762192,1.625711104784002,2.0752165677502767,-0.1408357580439062,0.19784057243455727,-1.0953319132878545,1.1231915818198912,1213681
-0.3106110875853991,-0.8374875388281221,-1.2187779842342894,1.2675218223951545,1.2255838058608295,-1.1391949012056755,-1.1638895944501817,858607
0.42104250467215604,-0.2216878779250911,0.4282192917579936,1.2675218223951545,1.568164883669587,0.4837356517537032,-1.2490938862234213,967210
0.36273592019918893,0.3941117829779399,0.4282192917579936,-1.549193338482967,-1.5150648166092298,1.229406446356661,0.10834129329256954,650513
0.9740146283835216,0.3941117829779399,-0.3952793462381479,-0.8450145482634366,-0.829902660991715,-1.5778247803838858,-0.7132967734336091,906823
-0.9463409440971051,-0.8374875388281221,-0.3952793462381479,1.2675218223951545,0.883002728052072,-0.9198799616165703,-1.7203690768198052,722134
-0.05387403014797937,0.3941117829779399,0.4282192917579936,-1.1971039433732018,-0.829902660991715,1.6680363255348716,-1.5584455679727356,599638
-0.5475991406045558,-1.4532871997311532,-1.2187779842342894,-0.4929251531536714,-0.4873215831829575,-1.0076059374522124,1.0038702188594415,673773
0.21696945901677112,1.0099114438809709,1.2517179297541352,-0.4929251531536714,-1.1724837388004723,-1.7094137441373491,1.0386943796049357,877601
-1.206839716661813,-0.8374875388281221,-1.2187779842342894,-1.1971039433732018,-0.4873215831829575,-1.2269208770413176,-1.4693522836289332,446404
0.023241129961428755,-0.8374875388281221,-1.2187779842342894,-0.8450145482634366,-0.1447405053742001,-1.621687768301707,1.0835945665559792,777735
-1.0817626886794804,-1.4532871997311532,-1.2187779842342894,-0.8450145482634366,-1.5150648166092298,0.04510577257549276,0.9994509091201657,463917
-0.4827095546588343,0.3941117829779399,-0.3952793462381479,-1.549193338482967,-1.5150648166092298,1.4487213859457662,-1.7516577897738788,448547
-1.393985044244401,-1.4532871997311532,-1.2187779842342894,0.21125363706585898,0.883002728052072,0.8785025430140926,0.5794397114993823,522222
-1.109975552134142,-0.8374875388281221,-1.2187779842342894,0.9154324272853894,0.883002728052072,-1.4462358166304228,0.9685157409452342,730303
1.1395300939842026,1.0099114438809709,0.4282192917579936,-0.8450145482634366,-0.1447405053742001,1.1416804705210188,-0.9789856749588772,865815
0.3251187689263069,-0.2216878779250911,0.4282192917579936,-0.1408357580439062,-0.829902660991715,0.9662285188497347,1.1161206862370499,816821
-0.22879378356688074,0.3941117829779399,-0.3952793462381479,-1.549193338482967,-1.1724837388004723,-1.4023728287126018,-0.6358704668014951,603169
-1.394925473026223,-1.4532871997311532,-1.2187779842342894,1.6196112175049198,1.2255838058608295,-1.3146468528769597,0.423349691508157,750508
0.5771536824546164,-0.2216878779250911,0.4282192917579936,0.5633430321756242,0.883002728052072,0.04510577257549276,-0.8221885654093677,952177
1.3407818532941211,1.625711104784002,2.0752165677502767,1.6196112175049198,1.568164883669587,-1.2269208770413176,0.977531132813357,1363998
-1.6958626832092791,-0.8374875388281221,-0.3952793462381479,-1.549193338482967,-1.5150648166092298,-0.21807215493143353,-1.8092855887740367,255067
-1.5181216434449116,-1.4532871997311532,-1.2187779842342894,1.2675218223951545,1.568164883669587,-1.2269208770413176,-1.7458243009180345,634739
0.5865579702728368,1.0099114438809709,1.2517179297541352,0.9154324272853894,0.883002728052072,-1.2707838649591385,1.3614807629616488,1128229
-0.05575488771162347,-0.2216878779250911,0.4282192917579936,0.5633430321756242,0.883002728052072,-0.17420916701361247,0.13255911066380158,877859
-1.092107405279523,-0.2216878779250911,0.4282192917579936,1.6196112175049198,1.568164883669587,1.4487213859457662,0.7719448437422414,780754
0.849878029183011,0.3941117829779399,-0.3952793462381479,0.5633430321756242,0.5404216502433147,1.4048583980279452,-1.237603680901304,901582
1.4827865993492508,1.625711104784002,2.0752165677502767,-0.1408357580439062,0.19784057243455727,0.4837356517537032,0.6531537979505047,1118688
1.65206378007722,1.625711104784002,2.0752165677502767,-0.1408357580439062,-0.1447405053742001,1.317132422192303,-0.298765519889528,1088738
-0.9670303772971902,-0.8374875388281221,-0.3952793462381479,-0.1408357580439062,0.5404216502433147,-1.7094137441373491,0.4852200278580198,673662
1.597518910731541,1.0099114438809709,0.4282192917579936,-1.549193338482967,-1.5150648166092298,0.6591876034249874,-0.10166430551782207,900815
-0.4591988351132831,-0.8374875388281221,-1.2187779842342894,0.9154324272853894,1.568164883669587,0.8346395550962716,-1.6586755128595134,739248
-1.6319135260453799,-1.4532871997311532,-1.2187779842342894,-1.549193338482967,-1.5150648166092298,-0.7882909978631071,-0.5872580596694599,283796
-0.9350557987152405,-1.4532871997311532,-1.2187779842342894,-0.4929251531536714,-0.4873215831829575,-0.042620203260149335,-0.4454866032334885,513692
1.186551533075305,0.3941117829779399,0.4282192917579936,1.2675218223951545,0.883002728052072,1.0100915067675558,1.7898002628922707,1157082
1.2147643965299666,1.0099114438809709,0.4282192917579936,1.2675218223951545,1.2255838058608295,-0.7882909978631071,1.8514938268525625,1222775
-1.394925473026223,-1.4532871997311532,-1.2187779842342894,-0.1408357580439062,-0.1447405053742001,-0.5251130703561808,-0.2657090830397441,496799
1.1451726666751347,1.0099114438809709,1.2517179297541352,-0.4929251531536714,-0.1447405053742001,1.6241733376170504,-0.4854371632765428,915427
1.0501893597111076,0.3941117829779399,-0.3952793462381479,-0.8450145482634366,-1.5150648166092298,0.4398726638358822,0.823032064328271,829281
0.9965849191472508,1.625711104784002,2.0752165677502767,-0.8450145482634366,-0.829902660991715,1.229406446356661,1.2723874786178464,937510
-0.3632750993674339,-0.2216878779250911,-0.3952793462381479,-0.1408357580439062,0.5404216502433147,-0.43738709452053876,0.3065031420017017,744900
1.576829477531456,1.625711104784002,1.2517179297541352,1.6196112175049198,1.568164883669587,0.39600967591806113,-0.042622327401095804,1300594
1.653004208859042,1.625711104784002,2.0752165677502767,-1.549193338482967,-1.1724837388004723,-0.9198799616165703,-0.15275152610385168,999615
1.2636666931847131,1.625711104784002,2.0752165677502767,-0.1408357580439062,-0.829902660991715,0.6153246155071663,-0.6045817538474215,1008514
-0.6689144534596003,-1.4532871997311532,-1.2187779842342894,0.21125363706585898,-0.4873215831829575,-1.7094137441373491,0.4530474529560911,657969
0.6937668514005506,-0.2216878779250911,0.4282192917579936,0.5633430321756242,1.2255838058608295,-0.7005650220274651,1.363248486857359,1058967
-0.7676594755509155,-1.4532871997311532,-1.2187779842342894,1.2675218223951545,0.883002728052072,-1.2269208770413176,-0.3334129082454512,763489
0.2611696117624075,0.3941117829779399,-0.3952793462381479,-0.8450145482634366,-0.4873215831829575,1.2732694342744821,1.1477629439702655,735885
-0.7648381892054494,-0.2216878779250911,-0.3952793462381479,-1.1971039433732018,-0.829902660991715,1.1416804705210188,-0.38290917732534147,475410
-0.6294164446230741,-1.4532871997311532,-1.2187779842342894,-0.8450145482634366,-0.1447405053742001,0.7469135792606295,0.42228905717073073,534217
1.037963785547421,1.625711104784002,1.2517179297541352,1.2675218223951545,1.568164883669587,1.4925843738635873,0.519690643824372,1158753
0.53295352970898,1.0099114438809709,1.2517179297541352,0.5633430321756242,0.19784057243455727,1.0100915067675558,-0.9697935107011834,931246
1.3313775654759008,0.3941117829779399,-0.3952793462381479,1.2675218223951545,0.883002728052072,1.229406446356661,0.19902552914251137,1092932
-1.1711034229525752,-1.4532871997311532,-1.2187779842342894,-1.1971039433732018,-1.5150648166092298,0.7907765671784506,0.02543504258375333,343655
-0.6792591700596429,-0.2216878779250911,0.4282192917579936,-0.1408357580439062,0.19784057243455727,0.8346395550962716,-0.018581282419434814,682719
1.2749518385665777,0.3941117829779399,-0.3952793462381479,-0.4929251531536714,-0.1447405053742001,0.9223655309319136,1.2976659303265046,943543
-0.6021440099502346,-1.4532871997311532,-1.2187779842342894,-1.1971039433732018,-0.4873215831829575,-1.0953319132878545,1.19796630260844,571628
-1.0780009735521923,-1.4532871997311532,-1.2187779842342894,1.2675218223951545,0.5404216502433147,1.18554345843884,0.8382344898313802,619255
-1.5463345068995733,-1.4532871997311532,-1.2187779842342894,1.2675218223951545,1.568164883669587,-1.1391949012056755,-1.1373737360145262,644856
0.7774650129827131,1.625711104784002,2.0752165677502767,0.21125363706585898,-0.4873215831829575,0.6153246155071663,0.8467195645307899,996873
-1.0610732554793953,-0.2216878779250911,0.4282192917579936,0.21125363706585898,-0.4873215831829575,-0.26193514284925457,-0.4325822187948028,631164
0.7116349982551696,0.3941117829779399,0.4282192917579936,0.9154324272853894,1.568164883669587,0.6153246155071663,1.102332439850509,1076031
1.130125806165982,1.625711104784002,1.2517179297541352,0.21125363706585898,-0.4873215831829575,-1.1830578891234966,1.8905605249477617,1131763
1.1912536769844153,0.3941117829779399,-0.3952793462381479,-1.549193338482967,-1.5150648166092298,0.35214668800024007,-0.45644649138689275,774204
-0.870166212769519,-0.2216878779250911,0.4282192917579936,-0.4929251531536714,-0.829902660991715,-1.490098804548244,1.140161731218711,684284
0.6213538352002528,-0.2216878779250911,-0.3952793462381479,0.5633430321756242,0.5404216502433147,-0.4812500824383598,-0.5126601112704824,967295
1.017274352347336,1.0099114438809709,1.2517179297541352,-1.1971039433732018,-0.4873215831829575,0.35214668800024007,-0.3995257819450189,892269
1.3595904289305623,0.3941117829779399,0.4282192917579936,1.2675218223951545,1.2255838058608295,-1.0953319132878545,0.09472981929559972,1203262
1.3379605669486552,1.625711104784002,2.0752165677502767,0.9154324272853894,0.5404216502433147,0.4398726638358822,-0.23194555663167613,1171748
-0.3162536602763314,0.3941117829779399,0.4282192917579936,0.9154324272853894,0.883002728052072,1.360995410110124,0.5025437220359814,824418
-0.6407015900049388,-0.2216878779250911,0.4282192917579936,0.5633430321756242,1.2255838058608295,1.7118993134526925,0.03020789710217132,711763
-0.19023620351217665,-0.2216878779250911,-0.3952793462381479,-0.4929251531536714,0.19784057243455727,0.04510577257549276,1.1541267499948227,735494
-0.646344162695871,-0.8374875388281221,-0.3952793462381479,-1.1971039433732018,-1.5150648166092298,-1.0514689253700333,-1.2347753226681675,500787
0.31853576745355255,1.0099114438809709,0.4282192917579936,-0.8450145482634366,-0.4873215831829575,0.9662285188497347,0.4413804752444027,775029
-0.43474768678590975,-0.8374875388281221,-1.2187779842342894,0.21125363706585898,-0.4873215831829575,0.1766947363289559,-0.9116353945323122,662958
1.0483085021474636,1.0099114438809709,1.2517179297541352,-0.1408357580439062,0.5404216502433147,1.5803103496992295,1.988138883990974,1014394
0.906303756092334,1.625711104784002,2.0752165677502767,0.9154324272853894,0.5404216502433147,-1.490098804548244,-0.16707008965910566,1178862
0.7548947222189839,1.0099114438809709,0.4282192917579936,0.21125363706585898,-0.1447405053742001,-0.612839046191823,-1.1665411802937473,936831
-0.6218930143684978,-0.8374875388281221,-1.2187779842342894,0.21125363706585898,-0.4873215831829575,-1.3585098407947807,-0.6286227988290825,632459
-0.3181345178399755,-0.2216878779250911,-0.3952793462381479,-1.549193338482967,-0.829902660991715,-0.3057981307670756,0.4070866316676216,591864
0.18593530921664345,0.3941117829779399,0.4282192917579936,-0.4929251531536714,-0.829902660991715,-0.21807215493143353,0.12760948375581255,796595
1.2768326961302219,0.3941117829779399,-0.3952793462381479,-0.1408357580439062,0.5404216502433147,-0.7005650220274651,1.1928399033108799,1069745
-0.4074752521130703,-0.8374875388281221,-0.3952793462381479,-0.8450145482634366,-1.1724837388004723,-1.533961792466065,1.2142293624489753,676096
0.47746823158147905,1.0099114438809709,1.2517179297541352,1.2675218223951545,1.568164883669587,-0.744428009945286,-1.2080826918429408,1090592
-0.3378835222582386,-0.2216878779250911,0.4282192917579936,-1.549193338482967,-1.5150648166092298,-1.0076059374522124,0.1992023015320824,588874
-0.46107969267692717,-0.8374875388281221,-1.2187779842342894,0.21125363706585898,0.883002728052072,-1.533961792466065,0.7574495077974164,777783
-0.02095902278420761,-0.2216878779250911,0.4282192917579936,0.21125363706585898,0.883002728052072,-0.5251130703561808,0.06520883023723659,830724
-0.4827095546588343,0.3941117829779399,0.4282192917579936,1.6196112175049198,0.883002728052072,-0.7005650220274651,1.0607909283013153,953346
-1.29712087971673,-1.4532871997311532,-1.2187779842342894,-0.1408357580439062,-0.1447405053742001,0.6153246155071663,-2.0181514475958094e-05,488722
-0.18647448838488848,-0.8374875388281221,-0.3952793462381479,-0.1408357580439062,0.19784057243455727,0.22055772424677694,1.4148660246121019,771814
-1.2867761631166874,-1.4532871997311532,-1.2187779842342894,1.6196112175049198,0.883002728052072,-0.744428009945286,-1.2209870762816266,646154
1.429182158785394,1.625711104784002,1.2517179297541352,-0.1408357580439062,0.19784057243455727,1.4925843738635873,1.3337274977989961,1048796
-1.5632622249723702,-1.4532871997311532,-1.2187779842342894,0.21125363706585898,-0.1447405053742001,-0.656702034109644,-2.1546988379958423,425595
-0.5212671347135384,-0.8374875388281221,-0.3952793462381479,0.9154324272853894,1.2255838058608295,-0.5689760582740019,-1.6749385727000488,753321
-0.6801995988414649,-0.2216878779250911,-0.3952793462381479,-1.1971039433732018,-0.4873215831829575,-1.665550756219528,0.5331253454317708,655074
-0.04823145745704707,-0.2216878779250911,0.4282192917579936,0.21125363706585898,0.5404216502433147,1.4925843738635873,-0.9480505067839459,762671
1.1874919618571271,1.625711104784002,1.2517179297541352,-1.549193338482967,-1.5150648166092298,-0.13034617909579144,-0.7343326877925624,849441
1.3586500001487403,1.0099114438809709,1.2517179297541352,-0.4929251531536714,-1.1724837388004723,0.8785025430140926,1.2211234856422457,983913
1.5119398915857345,1.625711104784002,1.2517179297541352,1.6196112175049198,1.568164883669587,1.6241733376170504,-0.8681493866978373,1194104
-0.06421874674802193,-0.2216878779250911,-0.3952793462381479,-0.8450145482634366,-1.5150648166092298,0.4398726638358822,0.09119437150417899,630979
0.5771536824546164,-0.2216878779250911,0.4282192917579936,1.2675218223951545,0.5404216502433147,0.308283700082419,1.752854833471924,1022243
0.98247848741992,1.0099114438809709,1.2517179297541352,-0.8450145482634366,-0.4873215831829575,-0.8760169736987492,0.9515455915464147,988053
-0.6331781597503624,-0.2216878779250911,0.4282192917579936,0.21125363706585898,0.19784057243455727,0.5714616275893453,-0.7532473334766634,663634
0.3157144811080864,1.0099114438809709,0.4282192917579936,-1.549193338482967,-1.5150648166092298,0.6591876034249874,0.8444215234663665,712008
-1.6817562514819484,-1.4532871997311532,-1.2187779842342894,0.21125363706585898,-0.1447405053742001,0.7907765671784506,-0.02034900631514518,430948
-1.0958691204068112,-1.4532871997311532,-1.2187779842342894,-0.4929251531536714,-1.1724837388004723,1.360995410110124,-0.5874348320590309,388418
0.0025516967613436474,-0.8374875388281221,-0.3952793462381479,0.9154324272853894,1.2255838058608295,0.4398726638358822,-0.8456992932223156,863859
1.6210296302770921,1.625711104784002,1.2517179297541352,1.2675218223951545,0.5404216502433147,-0.9198799616165703,0.7182060373126462,1286204
-1.7306585481366952,-1.4532871997311532,-1.2187779842342894,-0.4929251531536714,0.19784057243455727,0.7907765671784506,-1.286216088033339,353922
1.2401559736391619,1.625711104784002,2.0752165677502767,1.6196112175049198,0.883002728052072,1.317132422192303,-0.2149754072328566,1191277
1.545795327731328,1.0099114438809709,0.4282192917579936,1.6196112175049198,0.883002728052072,-1.4023728287126018,1.3441570687836872,1290655
-1.6046410913725404,-1.4532871997311532,-1.2187779842342894,0.21125363706585898,0.19784057243455727,-1.75327673205517,-1.1900519081066951,535177
-1.1532352760979563,-1.4532871997311532,-1.2187779842342894,-1.549193338482967,-1.1724837388004723,-0.5251130703561808,-0.5823084327614709,378673
-1.0582519691339292,-0.8374875388281221,-1.2187779842342894,-0.4929251531536714,-1.1724837388004723,0.9662285188497347,-1.4652865186687993,418951
-0.5974418660411245,-0.8374875388281221,-0.3952793462381479,0.5633430321756242,0.5404216502433147,1.360995410110124,-0.8174157108909497,635046
-0.7497913286962966,-1.4532871997311532,-1.2187779842342894,-1.549193338482967,-1.5150648166092298,0.6591876034249874,1.3112774043234743,437438
-0.18365320203942231,-0.2216878779250911,0.4282192917579936,0.9154324272853894,0.883002728052072,1.18554345843884,-0.4663457452028708,815263
0.6063069746911,0.3941117829779399,0.4282192917579936,1.6196112175049198,1.568164883669587,-0.26193514284925457,-1.0843420191432152,1083669
-1.3384997461169001,-0.8374875388281221,-0.3952793462381479,0.21125363706585898,0.19784057243455727,-1.665550756219528,0.8057083701503094,659681
-0.9877198104972753,-0.8374875388281221,-1.2187779842342894,-0.1408357580439062,-0.829902660991715,-1.490098804548244,-1.5853149711875332,535907
-0.92565151089702,-0.8374875388281221,-1.2187779842342894,1.6196112175049198,0.883002728052072,-0.612839046191823,-1.5731176763071317,726809
-0.46484140780421535,-0.2216878779250911,0.4282192917579936,1.2675218223951545,0.883002728052072,-1.75327673205517,0.9982135023931683,956118
0.07496471296164152,0.3941117829779399,0.4282192917579936,-1.1971039433732018,-0.4873215831829575,1.7118993134526925,-1.3217473383371174,616250
1.1226023759114057,0.3941117829779399,-0.3952793462381479,-0.1408357580439062,0.5404216502433147,1.317132422192303,1.511914066486601,975367
0.5226088131089375,1.0099114438809709,1.2517179297541352,0.21125363706585898,0.883002728052072,0.13283174841113485,-0.6636237319641478,929919
0.11070100667087943,0.3941117829779399,0.4282192917579936,0.5633430321756242,0.19784057243455727,0.0012427846576717127,0.9536668602212671,898623
0.4859320906178775,-0.2216878779250911,0.4282192917579936,-0.1408357580439062,0.5404216502433147,1.4925843738635873,1.7836132292572844,859040
-1.5886538020815655,-0.8374875388281221,-1.2187779842342894,1.2675218223951545,1.568164883669587,0.04510577257549276,0.9540204050004092,668554
-1.2924187358076196,-1.4532871997311532,-1.2187779842342894,-1.549193338482967,-1.5150648166092298,-0.34966111868489663,1.0257899951662501,397872
-0.6247143007139639,-0.2216878779250911,0.4282192917579936,0.5633430321756242,-0.1447405053742001,0.39600967591806113,-0.1663630001008215,678535
-0.32659837687637394,-0.8374875388281221,-0.3952793462381479,1.6196112175049198,0.883002728052072,0.9662285188497347,-0.2010103884567447,840913
1.46868016762192,1.625711104784002,1.2517179297541352,0.5633430321756242,0.5404216502433147,-0.17420916701361247,0.9605609834145376,1185651
1.5062973188948021,1.625711104784002,1.2517179297541352,-0.4929251531536714,-0.4873215831829575,0.7907765671784506,0.8290423255736862,1039477
-0.9924219544063856,-0.2216878779250911,0.4282192917579936,1.2675218223951545,1.2255838058608295,0.308283700082419,0.8012890604110334,784513
-0.8936769323150703,-0.2216878779250911,0.4282192917579936,-0.1408357580439062,-0.829902660991715,-1.5778247803838858,0.7903291722576292,656291
-0.88897478840596,-0.2216878779250911,-0.3952793462381479,-0.4929251531536714,0.19784057243455727,0.308283700082419,0.6768412981530236,603285
-0.6943060305687956,-0.8374875388281221,-1.2187779842342894,0.5633430321756242,0.5404216502433147,-1.665550756219528,0.5202209609930851,795611
-1.6413178138636002,-0.8374875388281221,-1.2187779842342894,-0.4929251531536714,-0.829902660991715,0.264420712164598,-1.82519510383543,329319
0.2132077438894829,0.3941117829779399,0.4282192917579936,-0.8450145482634366,-0.829902660991715,0.9223655309319136,0.5875712414196501,708476
1.6445403498226434,1.625711104784002,1.2517179297541352,1.2675218223951545,1.568164883669587,-1.1830578891234966,1.9667494248528785,1378734
-1.1231415550796506,-0.8374875388281221,-0.3952793462381479,0.9154324272853894,0.883002728052072,0.9662285188497347,-0.7336255982342783,628998
0.7906310159282218,1.0099114438809709,0.4282192917579936,-1.549193338482967,-1.5150648166092298,0.8785025430140926,1.0675082791050148,769630
0.3213570537990187,-0.2216878779250911,-0.3952793462381479,0.5633430321756242,0.5404216502433147,-0.43738709452053876,0.43254185576585086,916886
-0.024720737911495812,-0.8374875388281221,-1.2187779842342894,1.2675218223951545,1.568164883669587,-1.0514689253700333,0.5670656442294099,955938
-1.000885813442784,-0.2216878779250911,-0.3952793462381479,0.9154324272853894,0.5404216502433147,-0.744428009945286,-0.05694089095634978,718617
-0.66421230955049,-1.4532871997311532,-1.2187779842342894,0.9154324272853894,1.568164883669587,-0.7882909978631071,-0.9185295177255827,756171
-1.692100968081991,-1.4532871997311532,-1.2187779842342894,0.21125363706585898,0.19784057243455727,0.39600967591806113,0.9211407405401963,506198
0.9918827752381406,1.625711104784002,1.2517179297541352,-0.4929251531536714,-0.1447405053742001,1.6241733376170504,-0.10997260782766079,902845
1.3219732776576802,1.625711104784002,2.0752165677502767,0.9154324272853894,1.2255838058608295,1.6680363255348716,-0.9851727085938635,1089337
-1.5764282279178787,-0.8374875388281221,-1.2187779842342894,-0.8450145482634366,-1.1724837388004723,1.6680363255348716,-1.2466190727694269,294537
0.8771504638558504,0.3941117829779399,-0.3952793462381479,1.2675218223951545,0.5404216502433147,1.2732694342744821,0.1590749690994571,1041629
-0.588978007004726,-1.4532871997311532,-1.2187779842342894,-1.1971039433732018,-1.1724837388004723,-0.612839046191823,-1.439477749791428,474409
-0.16860634153026952,0.3941117829779399,-0.3952793462381479,-1.1971039433732018,-0.829902660991715,-1.1391949012056755,-1.3323536817113797,645628
-0.5908588645683701,-0.8374875388281221,-0.3952793462381479,0.5633430321756242,0.19784057243455727,0.39600967591806113,-1.47394836575778,654307
-0.18459363082124436,0.3941117829779399,-0.3952793462381479,1.6196112175049198,1.568164883669587,-0.21807215493143353,-1.1810365162385723,941650
-0.30402808611264476,-0.2216878779250911,-0.3952793462381479,-0.4929251531536714,-0.1447405053742001,-1.4462358166304228,-1.410133533122636,693133
1.5363910399131078,1.625711104784002,2.0752165677502767,1.6196112175049198,1.2255838058608295,1.6680363255348716,1.4650693832502764,1274876
1.4997143174220477,1.625711104784002,1.2517179297541352,0.9154324272853894,0.19784057243455727,-1.665550756219528,1.0705134097277225,1273327
0.20286302728944036,1.0099114438809709,0.4282192917579936,1.2675218223951545,0.5404216502433147,0.9223655309319136,1.5030754470080492,974285
-0.5852162918774378,-0.2216878779250911,-0.3952793462381479,0.5633430321756242,0.883002728052072,0.264420712164598,-1.598572900405361,686349
1.4084927255853088,0.3941117829779399,0.4282192917579936,-0.1408357580439062,0.19784057243455727,1.5803103496992295,-0.07850712248401626,989849
-0.3096706588035771,-0.2216878779250911,-0.3952793462381479,0.9154324272853894,0.883002728052072,0.8785025430140926,-0.6706946275469893,770941
-0.6698548822414223,-1.4532871997311532,-1.2187779842342894,-0.4929251531536714,-0.829902660991715,-0.3935241066027177,0.031091759050026504,546083
1.5119398915857345,1.0099114438809709,0.4282192917579936,-1.1971039433732018,-0.829902660991715,-1.2269208770413176,0.9220246024880515,1043915
1.6041019122042954,1.625711104784002,1.2517179297541352,0.21125363706585898,0.19784057243455727,-1.75327673205517,0.37367665003869566,1206926
-0.45355626242235075,-0.8374875388281221,-0.3952793462381479,1.2675218223951545,1.2255838058608295,-0.3057981307670756,1.409916397704113,888628
1.653944637640864,1.625711104784002,1.2517179297541352,-1.549193338482967,-1.1724837388004723,0.9223655309319136,-0.07143622690117479,928907
1.3652330016214946,1.0099114438809709,0.4282192917579936,1.6196112175049198,0.883002728052072,1.6680363255348716,-0.6919073142955137,1106070
0.775584155419069,1.625711104784002,2.0752165677502767,0.5633430321756242,0.19784057243455727,1.6241733376170504,-1.102549575269032,975541
-1.3243933143895694,-1.4532871997311532,-1.2187779842342894,1.6196112175049198,1.2255838058608295,1.317132422192303,0.3846365381920999,652533
1.071819221693015,0.3941117829779399,0.4282192917579936,1.2675218223951545,0.5404216502433147,-0.43738709452053876,-0.7459996655042509,1078144
-0.7930510526601109,-0.2216878779250911,0.4282192917579936,1.6196112175049198,1.568164883669587,1.0100915067675558,0.5849196555760845,840227
-0.4939947000406989,0.3941117829779399,0.4282192917579936,1.2675218223951545,0.883002728052072,-0.7005650220274651,-1.4847314815216133,833675
0.850818457964833,0.3941117829779399,-0.3952793462381479,1.6196112175049198,1.568164883669587,-0.13034617909579144,1.2821099600442534,1133082
0.8959590394922914,1.0099114438809709,1.2517179297541352,-0.8450145482634366,-0.4873215831829575,-1.1830578891234966,-1.0106279326920928,899914
-0.8570002098240104,-0.8374875388281221,-1.2187779842342894,-0.1408357580439062,-0.1447405053742001,-1.4462358166304228,-0.3464940650737079,630235
-1.430661766735461,-0.8374875388281221,-1.2187779842342894,0.9154324272853894,0.19784057243455727,0.5714616275893453,-1.830144730743419,507979
1.072759650474837,1.0099114438809709,0.4282192917579936,0.9154324272853894,1.2255838058608295,-1.7094137441373491,-0.33288259107673807,1185895
1.5053568901129801,1.0099114438809709,1.2517179297541352,-0.4929251531536714,0.19784057243455727,1.6241733376170504,-0.09494695471412268,999455
-1.1391288443706253,-0.2216878779250911,0.4282192917579936,-1.549193338482967,-1.5150648166092298,0.6591876034249874,-0.8363303565750506,378551
-1.4165553350081304,-1.4532871997311532,-1.2187779842342894,-1.549193338482967,-1.5150648166092298,0.8785025430140926,-1.0341386605050407,265352
-0.7968127677873991,-1.4532871997311532,-1.2187779842342894,-0.4929251531536714,-0.4873215831829575,-0.8321539857809281,1.0356892489822282,579465
-0.6896038866596854,-0.8374875388281221,-0.3952793462381479,0.21125363706585898,-0.1447405053742001,-0.26193514284925457,-1.796027659556209,615123
-0.47706698196790204,0.3941117829779399,0.4282192917579936,0.9154324272853894,0.5404216502433147,-1.0953319132878545,0.2059196523357818,870197
0.79439273105551,1.625711104784002,2.0752165677502767,0.21125363706585898,-0.4873215831829575,0.39600967591806113,-0.20649033253344684,983480
-1.6826966802637706,-1.4532871997311532,-1.2187779842342894,1.2675218223951545,0.883002728052072,0.0889687604933138,-1.761910588368999,551491
0.8150821642555951,0.3941117829779399,-0.3952793462381479,1.2675218223951545,1.568164883669587,-1.0514689253700333,1.429184588167356,1193572
1.4188374421853513,0.3941117829779399,0.4282192917579936,-1.1971039433732018,-1.5150648166092298,1.7118993134526925,0.7569191906287033,857465
1.2890582702939084,0.3941117829779399,-0.3952793462381479,1.6196112175049198,1.568164883669587,0.7469135792606295,-0.8223653377989387,1147706
-1.259503728443848,-1.4532871997311532,-1.2187779842342894,-1.549193338482967,-1.5150648166092298,-1.7094137441373491,0.977354360423786,471581
0.8470567428375448,1.625711104784002,2.0752165677502767,-1.1971039433732018,-0.4873215831829575,-1.621687768301707,0.7832582766747878,970846
-0.9501026592243933,-0.2216878779250911,-0.3952793462381479,-0.1408357580439062,-0.1447405053742001,-0.08648319117797038,0.4389056617904082,624009
-1.728777690573051,-1.4532871997311532,-1.2187779842342894,-0.4929251531536714,-0.829902660991715,-1.533961792466065,-0.9211811035691483,396710
-1.071417972079438,-0.8374875388281221,-1.2187779842342894,-0.4929251531536714,-0.4873215831829575,1.229406446356661,1.010234024883999,511499
0.06367956757977691,0.3941117829779399,0.4282192917579936,1.2675218223951545,0.5404216502433147,1.229406446356661,-0.6477142169027544,877089
0.6307581230184732,1.0099114438809709,0.4282192917579936,0.9154324272853894,0.883002728052072,-0.9198799616165703,0.1958436261302327,1053548
1.0605340763111502,0.3941117829779399,0.4282192917579936,0.21125363706585898,0.5404216502433147,1.0100915067675558,1.91583897665642,1037189
1.2580241204937808,0.3941117829779399,-0.3952793462381479,-1.549193338482967,-1.5150648166092298,-1.0953319132878545,0.7098977350028075,887118
-0.6153100128957434,-0.8374875388281221,-1.2187779842342894,-1.1971039433732018,-0.4873215831829575,0.4398726638358822,-1.2540435131314105,465009
-0.8936769323150703,-0.2216878779250911,0.4282192917579936,0.21125363706585898,0.5404216502433147,-0.17420916701361247,0.40107637042220634,696019
0.14831815794376144,0.3941117829779399,0.4282192917579936,-1.1971039433732018,-1.5150648166092298,1.4048583980279452,-0.8039810092835509,596885
0.5922005429637692,1.0099114438809709,1.2517179297541352,1.6196112175049198,1.2255838058608295,1.229406446356661,-0.6144810076633995,1053150
0.8470567428375448,0.3941117829779399,0.4282192917579936,-0.1408357580439062,-0.4873215831829575,0.04510577257549276,0.3738534224282667,940967
0.8658653184739858,1.0099114438809709,1.2517179297541352,-0.1408357580439062,0.19784057243455727,0.7030505913428085,0.03392011728316309,928098
-0.8974386474423585,-0.8374875388281221,-0.3952793462381479,0.21125363706585898,0.5404216502433147,1.097817482603198,-1.4725341866412118,577300
1.0135126372200478,1.625711104784002,2.0752165677502767,0.21125363706585898,0.5404216502433147,-1.4023728287126018,1.5426724622719614,1157606
-0.27957693778527143,-0.8374875388281221,-0.3952793462381479,0.21125363706585898,-0.4873215831829575,1.0100915067675558,-0.5289231711110178,674206
1.636076490786245,1.625711104784002,1.2517179297541352,-1.1971039433732018,-1.5150648166092298,-0.8321539857809281,2.0530143509635446,1052150
1.3595904289305623,0.3941117829779399,0.4282192917579936,1.6196112175049198,1.2255838058608295,-0.3057981307670756,1.525702312873142,1250650
-1.4005680457171554,-1.4532871997311532,-1.2187779842342894,-0.8450145482634366,-0.829902660991715,0.6153246155071663,-1.410133533122636,343879
-0.24572150163967763,-0.8374875388281221,-1.2187779842342894,0.21125363706585898,-0.1447405053742001,-0.5251130703561808,0.9089434456597948,769558
0.9890614888926744,1.625711104784002,2.0752165677502767,0.9154324272853894,1.568164883669587,-0.13034617909579144,1.0984434472799463,1237234
-1.5265855024813102,-1.4532871997311532,-1.2187779842342894,-1.549193338482967,-1.5150648166092298,-1.0076059374522124,-1.169723083306026,289080
-1.1005712643159213,-0.8374875388281221,-1.2187779842342894,-1.549193338482967,-1.1724837388004723,1.317132422192303,-1.2825038678523473,307071
-0.03788674085700452,-0.8374875388281221,-0.3952793462381479,-1.1971039433732018,-1.5150648166092298,1.0539544946853767,-1.4658168358375123,529497
0.06179871001613282,-0.8374875388281221,-1.2187779842342894,0.21125363706585898,0.5404216502433147,-1.75327673205517,-1.5423592805217712,792163
0.5818558263637267,0.3941117829779399,0.4282192917579936,1.2675218223951545,1.568164883669587,-1.621687768301707,0.9665712446599528,1157828
-1.7579309828095346,-0.8374875388281221,-1.2187779842342894,-0.4929251531536714,0.19784057243455727,-1.621687768301707,-1.859665719801782,452096
0.9335761907651735,0.3941117829779399,-0.3952793462381479,-0.8450145482634366,-1.5150648166092298,-0.612839046191823,1.2529425157650322,860326
-1.016873102733759,-1.4532871997311532,-1.2187779842342894,0.9154324272853894,1.2255838058608295,0.0889687604933138,-1.2172748561006348,632101
1.3492457123305197,0.3941117829779399,0.4282192917579936,1.6196112175049198,1.568164883669587,0.7907765671784506,1.5877494216125758,1222173
1.357709571366918,1.0099114438809709,1.2517179297541352,1.2675218223951545,0.883002728052072,-0.3935241066027177,0.5364840208336205,1219970
-0.9425792289698169,-0.8374875388281221,-1.2187779842342894,-0.1408357580439062,-0.4873215831829575,-0.34966111868489663,0.13963000624664304,578507
-0.7996340541328653,-0.8374875388281221,-1.2187779842342894,1.2675218223951545,1.568164883669587,-0.5689760582740019,-1.1835113296925668,722867
1.2335729721664075,1.0099114438809709,1.2517179297541352,-1.1971039433732018,-1.5150648166092298,0.6153246155071663,0.5302969871986342,869423
-0.8118596282965519,-0.2216878779250911,0.4282192917579936,-0.8450145482634366,-0.1447405053742001,0.8346395550962716,1.2023856123477157,598133
-0.05105274380251322,0.3941117829779399,-0.3952793462381479,0.5633430321756242,-0.1447405053742001,1.2732694342744821,-0.7820612329767423,737460
-1.4156149062263081,-1.4532871997311532,-1.2187779842342894,0.5633430321756242,0.19784057243455727,0.9223655309319136,-0.8266078751486436,449534
1.1827898179480167,1.625711104784002,2.0752165677502767,0.21125363706585898,0.883002728052072,1.7118993134526925,0.654214432287931,1053514
0.29596547668982337,-0.2216878779250911,0.4282192917579936,0.21125363706585898,-0.4873215831829575,-0.3057981307670756,1.313752217777469,863464
-1.5566792234996158,-1.4532871997311532,-1.2187779842342894,-1.1971039433732018,-1.1724837388004723,0.6591876034249874,0.2918310336673057,323910
-0.5795737191865055,-1.4532871997311532,-1.2187779842342894,1.6196112175049198,1.568164883669587,-1.2269208770413176,-0.9742128204404593,823636
0.3251187689263069,0.3941117829779399,0.4282192917579936,0.21125363706585898,0.5404216502433147,0.6591876034249874,0.39488933678722005,879231
-0.07174217700259833,-0.8374875388281221,-1.2187779842342894,-0.4929251531536714,-0.4873215831829575,-1.0076059374522124,0.028970490375174063,719002
-0.9651495197335461,-0.2216878779250911,0.4282192917579936,-0.8450145482634366,-1.1724837388004723,0.5714616275893453,1.0503613573166242,551387
1.3868628636034017,1.0099114438809709,0.4282192917579936,-1.1971039433732018,-0.4873215831829575,1.5803103496992295,-0.6752907096758362,868533
-1.7080882573729659,-0.8374875388281221,-0.3952793462381479,-1.549193338482967,-1.1724837388004723,0.0889687604933138,0.35794390736687337,334661
-0.6002631523865906,-1.4532871997311532,-1.2187779842342894,-0.1408357580439062,-0.1447405053742001,-0.08648319117797038,0.3277158287502261,611855
0.9363974771106396,0.3941117829779399,0.4282192917579936,-1.1971039433732018,-1.1724837388004723,0.8785025430140926,-0.15876178734926694,776990
0.906303756092334,0.3941117829779399,0.4282192917579936,-1.1971039433732018,-1.5150648166092298,0.04510577257549276,1.0022792673533023,803970
-1.1193798399523625,-0.8374875388281221,-1.2187779842342894,0.5633430321756242,0.19784057243455727,1.6680363255348716,-1.723727752221655,500118
-0.3707985296220103,0.3941117829779399,-0.3952793462381479,0.9154324272853894,0.19784057243455727,-1.0076059374522124,0.3950661091767911,861496
-0.23067464113052483,-0.2216878779250911,0.4282192917579936,1.6196112175049198,1.568164883669587,-0.7882909978631071,1.4366090285293394,1029334
0.25740789663511926,0.3941117829779399,0.4282192917579936,0.9154324272853894,0.19784057243455727,0.5714616275893453,1.1834709666636147,934538
1.2147643965299666,0.3941117829779399,0.4282192917579936,-0.4929251531536714,-0.4873215831829575,-0.4812500824383598,-0.16406495903639803,966170
-1.2867761631166874,-1.4532871997311532,-1.2187779842342894,-1.549193338482967,-0.829902660991715,0.7469135792606295,-1.5812492062273993,259870
-1.4052701896262656,-1.4532871997311532,-1.2187779842342894,0.5633430321756242,1.2255838058608295,1.18554345843884,-0.24202158283722522,540196
-1.3864616139898247,-1.4532871997311532,-1.2187779842342894,-1.549193338482967,-1.5150648166092298,1.1416804705210188,0.8794224566014317,306064
0.9326357619833514,1.0099114438809709,0.4282192917579936,-0.4929251531536714,0.19784057243455727,1.317132422192303,-0.9685561039741861,896907
-1.280193161643933,-1.4532871997311532,-1.2187779842342894,0.9154324272853894,1.568164883669587,-1.0076059374522124,-1.917116746412369,640154
-1.319691170480459,-1.4532871997311532,-1.2187779842342894,-1.1971039433732018,-0.4873215831829575,-1.490098804548244,-0.8870640323819382,441008
0.11446272179816763,-0.2216878779250911,-0.3952793462381479,0.21125363706585898,0.19784057243455727,-0.042620203260149335,1.356884680832802,862949
0.8254268808556376,0.3941117829779399,-0.3952793462381479,0.21125363706585898,0.883002728052072,1.2732694342744821,0.6038343012601854,949096
-0.19775963376675307,-0.2216878779250911,0.4282192917579936,1.2675218223951545,1.568164883669587,1.0539544946853767,-0.756252464099371,887230
0.013836842143208251,-0.8374875388281221,-1.2187779842342894,-0.1408357580439062,0.5404216502433147,1.18554345843884,-0.1571708358431276,675860
0.8837334653286048,0.3941117829779399,0.4282192917579936,1.6196112175049198,0.883002728052072,0.35214668800024007,1.2092797355409861,1128533
-0.39336882038573956,-0.2216878779250911,-0.3952793462381479,-0.4929251531536714,-0.4873215831829575,0.4837356517537032,-0.26836066888330967,648292
1.1432918091114908,1.0099114438809709,1.2517179297541352,-0.1408357580439062,-0.4873215831829575,-0.5251130703561808,1.9469509172209223,1040234
1.0962703700203882,1.625711104784002,1.2517179297541352,1.6196112175049198,0.883002728052072,-0.8760169736987492,1.5110302045387458,1273343
1.653004208859042,1.625711104784002,2.0752165677502767,-0.1408357580439062,0.19784057243455727,1.6241733376170504,2.1781692027798383,1136527
0.7953331598373321,1.0099114438809709,1.2517179297541352,0.9154324272853894,0.883002728052072,-1.4023728287126018,-1.1440910868182255,1092322
-1.0958691204068112,-0.2216878779250911,-0.3952793462381479,1.6196112175049198,1.568164883669587,0.264420712164598,-1.3021256030947324,725849
1.5523783292040825,1.625711104784002,2.0752165677502767,0.9154324272853894,1.2255838058608295,1.5364473617814083,0.8080064112147328,1230527
-1.6892796817365248,-1.4532871997311532,-1.2187779842342894,-1.1971039433732018,-0.829902660991715,0.04510577257549276,-0.9181759729464406,301939
-0.6679740246777782,-0.8374875388281221,-0.3952793462381479,0.5633430321756242,0.883002728052072,0.4398726638358822,0.8804830909388579,754226
1.2015983935844579,1.0099114438809709,1.2517179297541352,0.9154324272853894,0.5404216502433147,0.6591876034249874,1.4576449428882927,1150094
1.1950153921117035,1.625711104784002,2.0752165677502767,0.21125363706585898,0.883002728052072,0.4398726638358822,0.8741192849143006,1121603
0.5884388278364809,0.3941117829779399,0.4282192917579936,-0.1408357580439062,-0.1447405053742001,1.2732694342744821,-1.2010117962600995,817092
0.021360272397784652,-0.2216878779250911,0.4282192917579936,1.2675218223951545,1.568164883669587,-0.9198799616165703,-0.2034852019107392,972376
0.15960330332562606,1.0099114438809709,1.2517179297541352,-0.8450145482634366,-0.1447405053742001,-0.612839046191823,-0.828198826654783,802171
-1.7193734027548304,-1.4532871997311532,-1.2187779842342894,1.6196112175049198,1.568164883669587,-0.13034617909579144,-1.430992675092018,593361
-1.1231415550796506,-0.2216878779250911,-0.3952793462381479,-0.4929251531536714,-0.829902660991715,1.360995410110124,-0.2809115085428533,483088
-1.093047834061345,-1.4532871997311532,-1.2187779842342894,1.2675218223951545,0.5404216502433147,1.0539544946853767,-1.623144262555735,590029
-0.3849049613493411,0.3941117829779399,0.4282192917579936,0.21125363706585898,-0.1447405053742001,0.5714616275893453,1.2280176088355161,771559
-1.3450827475896545,-0.8374875388281221,-1.2187779842342894,0.9154324272853894,1.568164883669587,-0.744428009945286,-0.9761573167257407,646239
-0.9388175138425288,-0.8374875388281221,-1.2187779842342894,0.5633430321756242,0.19784057243455727,0.264420712164598,1.1078123839272112,641735
-1.3084060250985945,-1.4532871997311532,-1.2187779842342894,-1.1971039433732018,-0.829902660991715,1.317132422192303,-0.8612552635045668,327159
-0.05199317258433527,-0.2216878779250911,0.4282192917579936,-0.8450145482634366,-1.5150648166092298,0.9662285188497347,0.3383221721244883,626970
0.1906374531257537,-0.2216878779250911,-0.3952793462381479,-1.549193338482967,-1.1724837388004723,0.7030505913428085,-1.1478033069992173,558950
1.448931163203657,1.625711104784002,2.0752165677502767,1.2675218223951545,0.5404216502433147,0.6153246155071663,0.6805535183340153,1202584
0.24800360881689879,1.0099114438809709,1.2517179297541352,0.5633430321756242,1.2255838058608295,0.8346395550962716,0.7661113548863971,995293
1.189372819420771,0.3941117829779399,-0.3952793462381479,-1.549193338482967,-1.5150648166092298,0.9223655309319136,0.7708842094048152,783290
-0.2861599392580258,-0.2216878779250911,0.4282192917579936,-0.8450145482634366,-1.5150648166092298,-0.4812500824383598,-0.42604164038067444,643217
0.30348890694439973,0.3941117829779399,0.4282192917579936,-0.4929251531536714,-1.1724837388004723,-0.8321539857809281,0.0888963304397555,797250
-1.5322280751722424,-1.4532871997311532,-1.2187779842342894,-0.4929251531536714,-0.829902660991715,1.4925843738635873,-1.7751685175868266,326168
-1.1334862716796932,-0.8374875388281221,-0.3952793462381479,-0.1408357580439062,-0.4873215831829575,-0.5251130703561808,-1.8960808320534157,529262
-1.355427464189697,-0.8374875388281221,-1.2187779842342894,-0.8450145482634366,-0.1447405053742001,0.0012427846576717127,-1.9208289665933609,390269
0.26963347079880595,1.0099114438809709,0.4282192917579936,-0.8450145482634366,-1.5150648166092298,0.04510577257549276,-0.47377018556485434,696465
-1.0422646798429542,-0.2216878779250911,0.4282192917579936,-1.549193338482967,-1.5150648166092298,1.0539544946853767,-0.5800103916970474,370980
1.409433154367131,1.625711104784002,2.0752165677502767,0.5633430321756242,1.2255838058608295,-0.43738709452053876,-0.6929679486329399,1181255
-1.5153003570994457,-0.8374875388281221,-1.2187779842342894,1.6196112175049198,0.883002728052072,-0.4812500824383598,0.8345222696503883,719934
0.09941586128901483,-0.2216878779250911,0.4282192917579936,-1.549193338482967,-1.5150648166092298,-1.0076059374522124,-0.659734739393585,643716
-0.7535530438235848,-0.8374875388281221,-1.2187779842342894,-1.1971039433732018,-1.5150648166092298,-1.0514689253700333,-0.31821048274234204,497163
-1.545394078117751,-1.4532871997311532,-1.2187779842342894,-0.4929251531536714,0.19784057243455727,-0.13034617909579144,-0.48402298415997447,462045
-1.4015084744989774,-1.4532871997311532,-1.2187779842342894,-0.4929251531536714,-1.1724837388004723,-1.1830578891234966,-0.36876738615965854,446359
1.0896873685476338,1.625711104784002,1.2517179297541352,-0.1408357580439062,-0.829902660991715,1.6680363255348716,-0.6517799818628883,912688
-1.0497881100975306,-0.2216878779250911,-0.3952793462381479,-1.1971039433732018,-0.4873215831829575,0.6591876034249874,-0.6860738254396694,468169
-0.028482453038784012,0.3941117829779399,-0.3952793462381479,-0.4929251531536714,-0.4873215831829575,-0.8321539857809281,1.174455574795492,794689
0.5357748160544462,-0.2216878779250911,-0.3952793462381479,-1.549193338482967,-0.829902660991715,1.1416804705210188,1.4240581888697958,713422
-1.1805077107707957,-0.8374875388281221,-0.3952793462381479,-1.1971039433732018,-0.4873215831829575,0.6591876034249874,-0.3449031135675686,421808
0.8799717502013166,1.0099114438809709,0.4282192917579936,-1.549193338482967,-1.5150648166092298,-0.9637429495343913,-0.012924565953161639,822347
1.4066118680216648,1.625711104784002,2.0752165677502767,1.6196112175049198,1.568164883669587,0.7030505913428085,0.16314073405959092,1284565
1.0229169250382681,1.0099114438809709,0.4282192917579936,1.6196112175049198,0.883002728052072,0.13283174841113485,0.9552578117274064,1190585
1.3163307049667479,1.0099114438809709,0.4282192917579936,-0.4929251531536714,0.19784057243455727,-0.26193514284925457,-0.30194742290180665,1012979
-0.588978007004726,-0.2216878779250911,0.4282192917579936,-0.4929251531536714,-0.4873215831829575,-1.75327673205517,0.04717804650099085,716897
0.9608486254380129,0.3941117829779399,-0.3952793462381479,0.5633430321756242,0.883002728052072,0.4837356517537032,0.22483429801988275,1015340
-1.22376743473461,-1.4532871997311532,-1.2187779842342894,1.6196112175049198,1.568164883669587,1.2732694342744821,-1.6722869868564834,620875
0.22919503318045778,-0.2216878779250911,-0.3952793462381479,1.2675218223951545,0.883002728052072,-0.17420916701361247,1.5276468091584232,996658
-1.3582487505351633,-0.8374875388281221,-1.2187779842342894,1.2675218223951545,0.5404216502433147,1.0539544946853767,-0.30194742290180665,609834
0.25552703907147517,0.3941117829779399,0.4282192917579936,-0.1408357580439062,-0.829902660991715,0.4398726638358822,-0.2761386540244353,767829
1.5185228930584886,1.625711104784002,2.0752165677502767,1.6196112175049198,1.2255838058608295,-1.75327673205517,0.8751799192517268,1353369
-1.0488476813157086,-0.2216878779250911,-0.3952793462381479,-1.549193338482967,-1.5150648166092298,-0.8760169736987492,0.22854651820087452,459354
0.8526993155284771,1.0099114438809709,0.4282192917579936,-1.549193338482967,-0.829902660991715,0.5275986396715243,0.1504131220104763,803614
0.9166484726923766,0.3941117829779399,-0.3952793462381479,0.21125363706585898,-0.1447405053742001,-1.0953319132878545,0.9784149947612123,1022608
-0.5165649908044281,-0.8374875388281221,-0.3952793462381479,-1.1971039433732018,-0.829902660991715,0.8785025430140926,0.7532069704477115,532247
0.25082489516236495,1.0099114438809709,1.2517179297541352,0.9154324272853894,0.883002728052072,0.5714616275893453,-0.10979583543808975,928251
0.9091250424378001,0.3941117829779399,0.4282192917579936,1.2675218223951545,0.883002728052072,-0.042620203260149335,0.27592151860591235,1084848
-0.4892925561315887,0.3941117829779399,0.4282192917579936,-0.4929251531536714,-0.829902660991715,-0.656702034109644,-0.22133921325741393,673466
0.9664911981289452,1.625711104784002,1.2517179297541352,-0.1408357580439062,0.19784057243455727,1.7118993134526925,-0.351620464371268,926455
0.5677493946363958,0.3941117829779399,-0.3952793462381479,0.9154324272853894,0.19784057243455727,1.0539544946853767,-0.548721678742974,890873
-1.3469636051532985,-1.4532871997311532,-1.2187779842342894,-0.8450145482634366,-1.5150648166092298,1.4487213859457662,0.38198495234853436,357649
0.13045001108914248,0.3941117829779399,0.4282192917579936,-0.1408357580439062,0.5404216502433147,1.0100915067675558,0.29907870163971817,819116
-0.514684133240784,0.3941117829779399,-0.3952793462381479,-0.8450145482634366,-0.4873215831829575,0.0889687604933138,-0.5568532086632416,612519
-1.5331685039540646,-1.4532871997311532,-1.2187779842342894,1.6196112175049198,1.568164883669587,-1.0514689253700333,-0.3696512481075137,683844
-1.6112240928452948,-1.4532871997311532,-1.2187779842342894,-0.8450145482634366,-0.829902660991715,0.7907765671784506,-0.7956727069737122,310368
1.5740081911859898,1.0099114438809709,0.4282192917579936,-0.8450145482634366,-0.4873215831829575,-0.7882909978631071,-0.03219275641640464,1014881
1.0840447958567014,1.625711104784002,1.2517179297541352,0.5633430321756242,0.5404216502433147,-1.490098804548244,-0.6369311011389213,1136553
-0.4892925561315887,0.3941117829779399,-0.3952793462381479,0.5633430321756242,-0.1447405053742001,0.13283174841113485,0.3011999703145706,726785
-0.8080979131692637,-0.8374875388281221,-0.3952793462381479,0.5633430321756242,0.5404216502433147,0.5275986396715243,0.0464709569427067,702352
-1.2576228708802037,-0.8374875388281221,-0.3952793462381479,1.6196112175049198,1.568164883669587,1.317132422192303,-1.0371437911277483,676872
-1.0535498252248188,-0.2216878779250911,-0.3952793462381479,0.9154324272853894,1.2255838058608295,1.6680363255348716,0.6991146192389742,679871
1.2213473980027207,0.3941117829779399,-0.3952793462381479,-0.1408357580439062,0.19784057243455727,-0.3057981307670756,-0.8066325951271165,982871
1.6511233512953978,1.0099114438809709,1.2517179297541352,-0.1408357580439062,-0.1447405053742001,0.22055772424677694,1.2172344930716827,1136800
0.23483760587139008,0.3941117829779399,-0.3952793462381479,-0.4929251531536714,-0.829902660991715,1.18554345843884,0.2718557536457785,717869
0.2837399025261367,1.0099114438809709,1.2517179297541352,0.5633430321756242,0.883002728052072,1.6241733376170504,0.7206808507666407,930071
-1.017813531515581,-0.2216878779250911,0.4282192917579936,1.6196112175049198,1.568164883669587,1.6241733376170504,-0.37230283395107927,772207
1.0050487781836492,0.3941117829779399,-0.3952793462381479,-0.4929251531536714,0.19784057243455727,-1.0953319132878545,-0.6325117913996453,974879
-1.637556098736312,-0.8374875388281221,-1.2187779842342894,-1.1971039433732018,-1.5150648166092298,1.317132422192303,-0.07656262619873486,280261
0.33170177039906124,-0.2216878779250911,-0.3952793462381479,-0.4929251531536714,-0.4873215831829575,-0.9637429495343913,-0.27065870994773317,779056
1.4987738886402258,1.625711104784002,1.2517179297541352,0.9154324272853894,0.5404216502433147,-1.7094137441373491,2.013947652868345,1295640
-0.4939947000406989,-0.8374875388281221,-0.3952793462381479,1.2675218223951545,0.5404216502433147,-1.3585098407947807,0.120185043393829,859780
0.8968994682741135,1.625711104784002,2.0752165677502767,-0.8450145482634366,-0.829902660991715,0.39600967591806113,-0.9954255071889837,869126
1.599399768295185,1.625711104784002,2.0752165677502767,0.5633430321756242,0.883002728052072,-1.2707838649591385,0.2227130293450303,1259960
-0.0030908759295886546,-0.8374875388281221,-1.2187779842342894,1.2675218223951545,1.568164883669587,1.2732694342744821,0.963035796868532,885813
1.0840447958567014,0.3941117829779399,0.4282192917579936,-0.4929251531536714,-0.829902660991715,-0.8321539857809281,1.8447764760488632,977924
-1.7024456846820335,-1.4532871997311532,-1.2187779842342894,1.6196112175049198,1.568164883669587,-0.3935241066027177,-2.200129342115599,604351
0.6721369894186434,0.3941117829779399,-0.3952793462381479,-0.8450145482634366,-0.4873215831829575,-1.75327673205517,0.7031803841991081,905684
0.20850559998037266,-0.2216878779250911,-0.3952793462381479,-0.1408357580439062,-0.1447405053742001,0.5714616275893453,-1.1562883816986271,769373
-0.38114324622205287,0.3941117829779399,-0.3952793462381479,-1.549193338482967,-1.1724837388004723,0.7469135792606295,-0.741933900544117,532621
-1.5745473703542348,-1.4532871997311532,-1.2187779842342894,-0.8450145482634366,-0.4873215831829575,1.2732694342744821,0.919196244254915,360121
0.27715690105338237,0.3941117829779399,-0.3952793462381479,0.9154324272853894,1.568164883669587,-1.0076059374522124,0.8721747886290192,1034510
-1.7268968330094068,-1.4532871997311532,-1.2187779842342894,0.9154324272853894,0.5404216502433147,-1.533961792466065,-0.9931274661245602,576965
0.026062416306894907,-0.2216878779250911,-0.3952793462381479,-0.4929251531536714,-0.1447405053742001,0.1766947363289559,-1.2538667407418393,711462
0.2630504693260516,0.3941117829779399,0.4282192917579936,-1.1971039433732018,-0.4873215831829575,-0.7882909978631071,-0.3814949982087732,749692
-1.0516689676611748,-0.2216878779250911,0.4282192917579936,0.9154324272853894,0.5404216502433147,-0.7882909978631071,0.5865106070822238,745579
1.2937604142030188,1.0099114438809709,0.4282192917579936,0.9154324272853894,0.883002728052072,-0.656702034109644,1.6662363625821162,1187070
0.9561464815289027,1.0099114438809709,0.4282192917579936,1.6196112175049198,1.568164883669587,1.5803103496992295,-0.3585145875645384,1120615
0.24800360881689879,1.0099114438809709,0.4282192917579936,-0.4929251531536714,-1.1724837388004723,-1.490098804548244,1.6867419597723563,885788
0.10882014910723534,-0.2216878779250911,0.4282192917579936,-0.8450145482634366,-0.1447405053742001,1.6680363255348716,0.20644996950449493,682056
1.4733823115310303,1.625711104784002,1.2517179297541352,-1.1971039433732018,-1.5150648166092298,0.13283174841113485,-0.32103884097547863,931512
0.053334850979734366,0.3941117829779399,0.4282192917579936,1.2675218223951545,1.568164883669587,-0.612839046191823,0.11947795383554485,999209
1.6106849136770496,1.625711104784002,1.2517179297541352,-1.549193338482967,-1.5150648166092298,-0.656702034109644,0.03126853143959754,948881
-0.9209493669879097,-0.8374875388281221,-1.2187779842342894,0.5633430321756242,0.19784057243455727,1.6680363255348716,-0.9027967750537604,559292
-1.4287809091718169,-1.4532871997311532,-1.2187779842342894,-0.1408357580439062,0.5404216502433147,-0.21807215493143353,0.9471262818071388,547435
1.0050487781836492,1.625711104784002,2.0752165677502767,0.9154324272853894,0.19784057243455727,0.6153246155071663,0.4143342996400341,1133173
-0.1497977658938285,-0.8374875388281221,-1.2187779842342894,-0.4929251531536714,-0.4873215831829575,1.0100915067675558,1.367314251817493,653624
-1.503074782935759,-1.4532871997311532,-1.2187779842342894,0.5633430321756242,0.19784057243455727,0.7030505913428085,0.15642338325589153,488219
1.3050455595848833,0.3941117829779399,0.4282192917579936,-0.1408357580439062,-0.4873215831829575,1.229406446356661,-0.818653117617947,905445
0.00819426945227595,0.3941117829779399,0.4282192917579936,-0.1408357580439062,-0.4873215831829575,0.8785025430140926,1.3648394383634985,774700
1.3050455595848833,0.3941117829779399,0.4282192917579936,1.2675218223951545,1.568164883669587,-1.7094137441373491,-1.0742659929376661,1198046
-1.1400692731524475,-0.2216878779250911,0.4282192917579936,1.2675218223951545,1.568164883669587,0.6153246155071663,-1.45521049246325,693477
-1.6798753939183044,-1.4532871997311532,-1.2187779842342894,1.2675218223951545,1.568164883669587,1.7118993134526925,-0.9614852083913447,541871
-1.1353671292433372,-0.8374875388281221,-1.2187779842342894,0.21125363706585898,0.5404216502433147,-0.13034617909579144,0.3045586457164203,593459
0.08530942956168408,0.3941117829779399,0.4282192917579936,0.21125363706585898,-0.1447405053742001,1.7118993134526925,-0.058708614852060144,771925
-1.7099691149366099,-1.4532871997311532,-1.2187779842342894,-0.1408357580439062,-0.1447405053742001,1.6241733376170504,0.14051386819449824,413912
0.7548947222189839,0.3941117829779399,-0.3952793462381479,1.2675218223951545,1.568164883669587,-0.5251130703561808,-1.0811601161309365,1064308
1.169623815002508,1.0099114438809709,1.2517179297541352,1.6196112175049198,1.568164883669587,-0.656702034109644,-0.22805656406111333,1237546
1.5006547462038697,1.625711104784002,1.2517179297541352,0.9154324272853894,0.5404216502433147,-0.26193514284925457,-0.14868576114371784,1220189
-0.7996340541328653,-0.2216878779250911,0.4282192917579936,0.5633430321756242,1.2255838058608295,1.6680363255348716,0.04240519198257285,723519
-0.3660963857129001,-0.8374875388281221,-0.3952793462381479,0.5633430321756242,0.883002728052072,1.1416804705210188,-0.37106542722408203,738766
-1.1993162864072366,-1.4532871997311532,-1.2187779842342894,0.21125363706585898,0.5404216502433147,-0.5251130703561808,-0.07143622690117479,583204
-1.1259628414251168,-0.8374875388281221,-0.3952793462381479,-0.1408357580439062,0.5404216502433147,-0.3057981307670756,0.789445310309774,626074
0.6608518440367789,-0.2216878779250911,0.4282192917579936,-0.4929251531536714,-0.829902660991715,0.0012427846576717127,-0.8805234539678098,802610
-0.42346254140404516,-0.8374875388281221,-0.3952793462381479,-0.8450145482634366,-1.1724837388004723,0.0012427846576717127,-0.7617324081760731,553068
0.9467421937106821,1.0099114438809709,1.2517179297541352,-0.8450145482634366,-1.1724837388004723,-0.7882909978631071,-0.8038042368939798,891630
1.6041019122042954,1.625711104784002,2.0752165677502767,0.21125363706585898,-0.4873215831829575,1.317132422192303,-0.14302904467744465,1085251
0.7652394388190265,-0.2216878779250911,-0.3952793462381479,-0.4929251531536714,0.19784057243455727,-1.665550756219528,-1.2330075987724571,873690
0.3777827807083417,1.0099114438809709,0.4282192917579936,0.21125363706585898,-0.1447405053742001,0.7469135792606295,0.982127214942204,920195
-1.2745505889530007,-1.4532871997311532,-1.2187779842342894,-0.8450145482634366,-0.4873215831829575,-0.3935241066027177,-1.0716144070941005,429221
0.4840512330542334,1.0099114438809709,1.2517179297541352,-0.4929251531536714,-0.4873215831829575,-0.43738709452053876,0.9229084644359067,902548
1.1649216710933978,0.3941117829779399,-0.3952793462381479,1.2675218223951545,1.2255838058608295,0.0889687604933138,0.060259203329247564,1121007
0.6721369894186434,0.3941117829779399,0.4282192917579936,-0.1408357580439062,-0.4873215831829575,-1.490098804548244,-1.304777188938298,913435
0.08436900077986202,0.3941117829779399,-0.3952793462381479,0.5633430321756242,0.5404216502433147,-1.75327673205517,-0.3539185054356915,894624
-0.7309827530598556,-0.8374875388281221,-0.3952793462381479,1.6196112175049198,1.568164883669587,0.8785025430140926,0.5794397114993823,811399
-0.1178231873118788,-0.8374875388281221,-0.3952793462381479,-1.1971039433732018,-1.5150648166092298,-1.1830578891234966,1.443679924112181,652932
-0.039767598420648614,0.3941117829779399,0.4282192917579936,-0.1408357580439062,0.19784057243455727,0.4837356517537032,1.1375101453751453,857365
1.190313248202593,0.3941117829779399,0.4282192917579936,1.2675218223951545,1.568164883669587,-1.533961792466065,-0.48154817070597994,1198987
0.905363327310512,0.3941117829779399,0.4282192917579936,-0.8450145482634366,-1.5150648166092298,-1.3585098407947807,-0.24078417611022795,849608
0.39282964121749453,0.3941117829779399,0.4282192917579936,1.2675218223951545,0.5404216502433147,1.317132422192303,0.6124961483491662,1012152
0.20286302728944036,1.0099114438809709,1.2517179297541352,0.21125363706585898,0.19784057243455727,-0.4812500824383598,1.6264625749286328,954999
-0.6905443154415074,-1.4532871997311532,-1.2187779842342894,-0.4929251531536714,0.19784057243455727,-0.8760169736987492,1.2693823479951387,650803
0.35991463385372274,-0.2216878779250911,-0.3952793462381479,0.5633430321756242,0.5404216502433147,0.8346395550962716,1.275922926409267,901123
0.383425353399274,1.0099114438809709,0.4282192917579936,0.9154324272853894,0.19784057243455727,1.4487213859457662,-0.8741596479432525,872390
-0.7516721862599407,-1.4532871997311532,-1.2187779842342894,0.21125363706585898,0.5404216502433147,0.9662285188497347,-1.7985024730102035,563125
0.4878129481815216,-0.2216878779250911,0.4282192917579936,-0.1408357580439062,-0.1447405053742001,0.04510577257549276,0.32258942945266605,830448
-1.6667093909727957,-0.8374875388281221,-0.3952793462381479,0.21125363706585898,0.883002728052072,0.4398726638358822,-2.20030611450517,486388
0.9401591922379278,1.625711104784002,2.0752165677502767,-0.1408357580439062,-0.1447405053742001,1.0100915067675558,1.3964816960967141,1001217
-1.7221946891002966,-0.8374875388281221,-0.3952793462381479,0.9154324272853894,0.5404216502433147,1.5364473617814083,0.8491943779847844,538775
1.6605276391136183,1.625711104784002,2.0752165677502767,-1.549193338482967,-1.5150648166092298,0.6591876034249874,0.9713440991783707,984282
-1.4504107711537242,-1.4532871997311532,-1.2187779842342894,0.5633430321756242,-0.1447405053742001,1.7118993134526925,-0.529630260669302,450288
-0.7798850497146023,-0.2216878779250911,-0.3952793462381479,1.6196112175049198,1.568164883669587,0.0012427846576717127,0.3621864447165783,841576
0.9147676151287324,1.0099114438809709,1.2517179297541352,1.6196112175049198,1.568164883669587,-0.3935241066027177,1.3971887856549983,1211923
-0.5626460011137085,-0.8374875388281221,-1.2187779842342894,-1.1971039433732018,-1.5150648166092298,-1.1391949012056755,-1.4324068542085864,528354
0.1661863047983804,0.3941117829779399,-0.3952793462381479,1.2675218223951545,0.883002728052072,0.9223655309319136,-0.48402298415997447,907467
-1.1795672819889735,-1.4532871997311532,-1.2187779842342894,-1.549193338482967,-1.5150648166092298,-0.612839046191823,0.3648380305601438,375113
0.0110155557977421,-0.2216878779250911,0.4282192917579936,1.6196112175049198,1.568164883669587,-0.5689760582740019,0.2467540743266913,1009087
-0.5664077162409968,-0.8374875388281221,-1.2187779842342894,0.21125363706585898,-0.4873215831829575,1.0100915067675558,1.237916862651494,626047
-0.15355948102111672,-0.8374875388281221,-1.2187779842342894,1.2675218223951545,0.5404216502433147,0.7907765671784506,1.478680857247246,869346
0.8348311686738582,0.3941117829779399,0.4282192917579936,-1.549193338482967,-1.5150648166092298,0.7469135792606295,-0.9278984543728477,717584
-1.4823853497356738,-1.4532871997311532,-1.2187779842342894,-0.4929251531536714,-0.4873215831829575,-1.7094137441373491,-0.8280220542652119,452181
-1.1664012790434648,-0.2216878779250911,-0.3952793462381479,-0.4929251531536714,0.19784057243455727,-0.21807215493143353,-0.6098849255345526,562848
-1.7146712588457202,-1.4532871997311532,-1.2187779842342894,1.2675218223951545,1.568164883669587,1.317132422192303,-0.09653790622026201,557783
-1.0845839750249464,-1.4532871997311532,-1.2187779842342894,-0.1408357580439062,0.19784057243455727,-1.2269208770413176,0.6878011863064278,592316
-1.2726697313893565,-1.4532871997311532,-1.2187779842342894,-0.1408357580439062,-0.829902660991715,-1.1391949012056755,0.7116654588985178,540030
-1.3215720280441032,-1.4532871997311532,-1.2187779842342894,0.21125363706585898,0.5404216502433147,0.8346395550962716,-1.8174171186943044,477772
-1.7410032647367377,-0.8374875388281221,-1.2187779842342894,-1.549193338482967,-1.5150648166092298,-0.8321539857809281,0.5389588342876149,346296
0.23201631952592391,-0.2216878779250911,-0.3952793462381479,-1.549193338482967,-0.829902660991715,0.9662285188497347,1.1942540824274481,666932
1.3247945640031464,1.625711104784002,2.0752165677502767,1.2675218223951545,0.5404216502433147,1.4925843738635873,2.06591873540223,1213525
1.484667456912895,1.0099114438809709,1.2517179297541352,-0.8450145482634366,-1.1724837388004723,1.4487213859457662,0.9319238563040296,949246
-1.4240787652627067,-1.4532871997311532,-1.2187779842342894,-0.4929251531536714,-0.829902660991715,-0.7005650220274651,-0.7412268109858329,452999
0.7849884432372896,0.3941117829779399,-0.3952793462381479,-1.549193338482967,-1.5150648166092298,0.308283700082419,1.8651053008495324,775988
-1.2726697313893565,-1.4532871997311532,-1.2187779842342894,1.2675218223951545,0.883002728052072,0.0889687604933138,-1.2832109574106314,617931
0.8160225930374172,1.625711104784002,2.0752165677502767,0.9154324272853894,0.19784057243455727,-0.13034617909579144,0.05902179660225031,1098756
-0.5109224181134958,0.3941117829779399,-0.3952793462381479,-1.1971039433732018,-1.5150648166092298,0.0012427846576717127,-1.227881199474897,527201
-0.9369366562788846,-0.8374875388281221,-1.2187779842342894,0.9154324272853894,0.883002728052072,0.1766947363289559,1.063442514144881,712596
-0.7977531965692212,-0.2216878779250911,0.4282192917579936,0.5633430321756242,0.883002728052072,-0.042620203260149335,1.2939537101455127,785844
-0.8015149116965093,-1.4532871997311532,-1.2187779842342894,0.21125363706585898,-0.1447405053742001,-1.0514689253700333,0.18682823426210984,645215
-0.21844906696683816,-0.2216878779250911,0.4282192917579936,-1.549193338482967,-1.5150648166092298,0.7030505913428085,-1.4769534963804878,546948
-0.9030812201332908,-0.8374875388281221,-1.2187779842342894,0.5633430321756242,0.5404216502433147,-1.7094137441373491,-1.4433667423619907,669943
0.8639844609103418,1.0099114438809709,1.2517179297541352,1.6196112175049198,1.568164883669587,0.9223655309319136,0.9851323455649117,1148661
0.5000385223452083,-0.2216878779250911,0.4282192917579936,0.5633430321756242,0.5404216502433147,-1.4023728287126018,-0.9393886596949651,959271
-0.09807418289361573,0.3941117829779399,-0.3952793462381479,1.2675218223951545,1.568164883669587,1.18554345843884,-1.3010649687573062,854084
-0.32659837687637394,-0.8374875388281221,-0.3952793462381479,-1.549193338482967,-0.829902660991715,-1.0514689253700333,0.6294662977479858,617842
1.3793394333488254,1.0099114438809709,0.4282192917579936,-1.1971039433732018,-0.4873215831829575,0.39600967591806113,1.84937255817771,970133
1.597518910731541,1.0099114438809709,0.4282192917579936,1.2675218223951545,0.5404216502433147,-0.042620203260149335,-0.08416383895028944,1193760
0.9166484726923766,0.3941117829779399,0.4282192917579936,1.2675218223951545,0.883002728052072,0.7469135792606295,-0.8342090879001982,1037234
0.8536397443102992,1.625711104784002,2.0752165677502767,0.21125363706585898,0.5404216502433147,1.4925843738635873,0.5644140583858442,1032889
0.026062416306894907,0.3941117829779399,0.4282192917579936,0.21125363706585898,-0.4873215831829575,-0.8760169736987492,1.396658468486285,878235
1.1357683788569142,1.0099114438809709,1.2517179297541352,-0.4929251531536714,-0.829902660991715,-1.0076059374522124,1.9404103388067941,1045257
-0.6237738719321418,-1.4532871997311532,-1.2187779842342894,-0.4929251531536714,-0.829902660991715,0.6153246155071663,-0.896079424250061,515085
-0.21092563671226178,-0.8374875388281221,-0.3952793462381479,-0.1408357580439062,-0.1447405053742001,-0.5251130703561808,-0.10201785029696414,737664
-1.3112273114440607,-0.8374875388281221,-1.2187779842342894,-0.8450145482634366,-0.829902660991715,-0.744428009945286,-1.1776778408367226,411469
0.1849948804348214,-0.2216878779250911,-0.3952793462381479,-1.549193338482967,-1.5150648166092298,1.4487213859457662,-0.8023900577774116,536705
-1.0958691204068112,-1.4532871997311532,-1.2187779842342894,-1.549193338482967,-1.5150648166092298,-1.0514689253700333,-0.42374359931625094,422832
-0.7676594755509155,-1.4532871997311532,-1.2187779842342894,0.5633430321756242,0.19784057243455727,-1.0076059374522124,-1.2172748561006348,661366
0.09189243103443842,0.3941117829779399,0.4282192917579936,-1.549193338482967,-1.5150648166092298,0.04510577257549276,-0.5195542344637528,628349
-0.5475991406045558,-0.8374875388281221,-1.2187779842342894,-1.549193338482967,-0.829902660991715,0.1766947363289559,0.769823575067389,521905
-0.5870971494410819,-0.8374875388281221,-1.2187779842342894,-0.8450145482634366,-0.829902660991715,-1.0514689253700333,-0.674583620117552,560566
0.23953974978050033,-0.2216878779250911,-0.3952793462381479,1.6196112175049198,1.2255838058608295,1.4048583980279452,-0.0526983536066449,935064
1.5674251897132354,1.625711104784002,2.0752165677502767,-0.4929251531536714,-1.1724837388004723,-1.1830578891234966,0.46400734110949543,1082232
-1.6488412441181768,-0.8374875388281221,-1.2187779842342894,-0.4929251531536714,-0.1447405053742001,0.35214668800024007,0.21511181659347572,441872
0.9222910453833089,1.625711104784002,2.0752165677502767,-1.1971039433732018,-1.1724837388004723,-0.5251130703561808,1.911773211696286,964991
-1.262325014789314,-1.4532871997311532,-1.2187779842342894,-1.549193338482967,-1.5150648166092298,-1.621687768301707,-1.3335910884383768,367789
0.29502504790800127,0.3941117829779399,-0.3952793462381479,-0.8450145482634366,-0.4873215831829575,-0.9198799616165703,0.08924987521889759,775850
1.61538705758616,1.0099114438809709,0.4282192917579936,-0.4929251531536714,-0.1447405053742001,0.264420712164598,-0.47889658486241443,1026154
1.3210328488758583,1.0099114438809709,0.4282192917579936,-0.8450145482634366,-0.1447405053742001,-1.4023728287126018,-0.9282519991519897,977565
0.18217359408935527,-0.2216878779250911,-0.3952793462381479,0.9154324272853894,1.2255838058608295,1.5803103496992295,-0.7684497589797725,836117
-0.25888750458518633,-0.8374875388281221,-0.3952793462381479,1.6196112175049198,1.2255838058608295,1.6680363255348716,0.409207900342474,842774
1.4921908871674714,1.625711104784002,2.0752165677502767,-1.549193338482967,-1.5150648166092298,-0.612839046191823,-0.5335192532398647,984704
-1.7043265422456777,-0.8374875388281221,-1.2187779842342894,-1.1971039433732018,-1.1724837388004723,-1.1391949012056755,-2.0532314863820673,314831
-1.5482153644632173,-0.8374875388281221,-1.2187779842342894,0.5633430321756242,0.5404216502433147,-0.9637429495343913,-2.1006064867871053,491287
0.2611696117624075,1.0099114438809709,0.4282192917579936,-0.4929251531536714,-0.4873215831829575,0.4837356517537032,-0.7498886580748136,762487
-0.6670335958959561,-0.8374875388281221,-1.2187779842342894,0.9154324272853894,1.2255838058608295,-0.656702034109644,1.1832941942740438,818010
0.2630504693260516,1.0099114438809709,1.2517179297541352,-0.8450145482634366,-0.4873215831829575,-0.656702034109644,0.3277158287502261,819978
0.3730806367992315,0.3941117829779399,-0.3952793462381479,0.21125363706585898,0.883002728052072,-0.656702034109644,0.28546722764274834,945726
-1.6629476758455075,-0.8374875388281221,-0.3952793462381479,1.2675218223951545,1.2255838058608295,0.22055772424677694,-1.5927394115495168,587767
-0.36233467058561186,-0.2216878779250911,-0.3952793462381479,-1.549193338482967,-1.5150648166092298,0.35214668800024007,0.02596535975246644,543989
0.1906374531257537,-0.2216878779250911,0.4282192917579936,-1.549193338482967,-0.829902660991715,0.5275986396715243,0.12654884941838632,655782
-1.1814481395526177,-0.8374875388281221,-1.2187779842342894,0.9154324272853894,0.19784057243455727,-1.665550756219528,-1.9427487429001695,617233
1.46868016762192,1.625711104784002,1.2517179297541352,-0.8450145482634366,-0.4873215831829575,1.097817482603198,0.7228021194414932,1003854
0.8621036033466977,1.625711104784002,2.0752165677502767,-0.1408357580439062,0.5404216502433147,0.04510577257549276,0.6856799176315754,1048467
0.7182179997279239,0.3941117829779399,-0.3952793462381479,-1.549193338482967,-0.829902660991715,-0.9637429495343913,1.497065185762634,832059
1.6426594922589994,1.0099114438809709,0.4282192917579936,-0.1408357580439062,-0.4873215831829575,-1.0514689253700333,-0.8165318489430945,1091624
0.5583451068181754,-0.2216878779250911,-0.3952793462381479,0.21125363706585898,0.5404216502433147,-0.34966111868489663,-0.5082408015312065,908922
0.7351457178007208,1.0099114438809709,1.2517179297541352,0.9154324272853894,1.2255838058608295,1.5364473617814083,1.5960577239224145,1043231
-0.31719408905815344,-0.8374875388281221,-1.2187779842342894,-0.8450145482634366,-0.1447405053742001,0.35214668800024007,0.45357777012480427,635401
0.8094395915646628,1.0099114438809709,0.4282192917579936,-0.8450145482634366,-0.4873215831829575,0.6591876034249874,-1.111741739526726,828824
-0.5391352815681574,-0.8374875388281221,-0.3952793462381479,1.6196112175049198,1.568164883669587,0.9662285188497347,-0.10095721595953792,839103
1.4225991573126395,1.625711104784002,2.0752165677502767,1.2675218223951545,0.883002728052072,-1.665550756219528,0.10074008054101496,1280839
-0.11029975705730238,-0.2216878779250911,0.4282192917579936,-0.4929251531536714,0.19784057243455727,0.35214668800024007,-1.2635892221682463,707717
1.5382718974767517,1.625711104784002,1.2517179297541352,-0.4929251531536714,-0.1447405053742001,0.6153246155071663,0.40620276971976643,1055699
0.09095200225261638,-0.2216878779250911,-0.3952793462381479,0.5633430321756242,0.883002728052072,-0.656702034109644,1.3245353335413022,913285
0.45489794081774987,-0.2216878779250911,-0.3952793462381479,-1.1971039433732018,-0.4873215831829575,1.360995410110124,0.25753719009052456,715721
